customer_id,age,income,tenure_years,monthly_spend,support_calls,satisfaction_score,login_frequency,contract_months,city,plan,payment_method,churn
CUST100277,58.0,36898.99,7.0,35.47,3.0,7.16,13.38,36.0,Mumbai,Standard,UPI,1
CUST100690,32.0,91132.27,15.0,139.52,2.0,7.44,9.8,12.0,Delhi,Standard,Wallet,0
CUST100113,58.0,42834.21,8.0,122.42,2.0,5.84,17.05,12.0,Mumbai,Basic,Card,0
CUST101319,19.0,31960.83,2.0,80.74,1.0,6.69,13.3,24.0,Jaipur,Standard,Card,0
CUST100863,45.0,54775.57,15.0,111.0,2.0,8.45,19.49,6.0,Delhi,Standard,Card,1
CUST101226,45.0,34814.05,13.0,43.49,1.0,5.69,26.01,24.0,Hyderabad,Standard,UPI,1
CUST100229,51.0,65361.15,14.0,57.96,2.0,6.04,12.73,24.0,Hyderabad,Standard,Card,0
CUST100264,52.0,89139.87,0.0,54.93,1.0,2.71,17.93,12.0,Delhi,Premium,Wallet,0
CUST100706,25.0,89230.65,12.0,113.26,2.0,7.21,21.16,1.0,Bengaluru,Basic,Card,0
CUST101067,62.0,48654.33,11.0,51.57,1.0,9.0,15.12,12.0,Hyderabad,Premium,NetBanking,0
CUST100961,23.0,46176.68,15.0,72.04,1.0,10.0,20.04,6.0,Delhi,Standard,UPI,0
CUST101101,47.0,16888.43,10.0,85.91,4.0,9.24,8.54,1.0,Bengaluru,Basic,NetBanking,0
CUST100273,22.0,51400.31,2.0,50.57,3.0,7.37,19.37,12.0,Jaipur,Standard,UPI,0
CUST100811,51.0,56820.84,12.0,51.26,2.0,6.19,17.76,1.0,Bengaluru,Basic,Wallet,0
CUST100008,36.0,103923.12,3.0,74.82,2.0,10.0,18.03,12.0,Mumbai,Standard,UPI,0
CUST100098,26.0,51352.88,11.0,97.84,3.0,6.07,11.12,12.0,Jaipur,Basic,UPI,0
CUST100092,46.0,39377.78,12.0,126.52,5.0,6.99,25.91,12.0,Jaipur,Standard,NetBanking,0
CUST100965,47.0,53114.13,2.0,77.24,1.0,8.29,29.58,24.0,Delhi,Standard,UPI,0
CUST100111,59.0,70673.0,5.0,97.91,3.0,8.2,29.08,12.0,Delhi,Standard,NetBanking,0
CUST100403,31.0,44656.78,0.0,53.32,2.0,6.67,13.62,12.0,Jaipur,Basic,UPI,0
CUST101400,45.0,47671.41,8.0,142.57,4.0,2.96,6.66,36.0,Mumbai,Premium,UPI,1
CUST101413,56.0,56513.42,1.0,62.2,3.0,5.52,17.83,12.0,Pune,Premium,Card,0
CUST100675,62.0,61411.16,2.0,35.36,3.0,7.39,21.55,12.0,Jaipur,Basic,NetBanking,0
CUST100761,48.0,33993.54,15.0,77.51,4.0,7.83,20.69,12.0,Mumbai,Standard,Card,0
CUST100110,22.0,90527.89,7.0,67.55,4.0,9.23,23.21,24.0,Bengaluru,Basic,Wallet,0
CUST100579,36.0,89885.02,14.0,48.16,4.0,5.57,16.91,1.0,Pune,Basic,Card,0
CUST100374,39.0,29167.44,2.0,107.72,3.0,6.94,25.32,12.0,Delhi,Standard,Wallet,0
CUST100289,53.0,59477.13,6.0,81.8,3.0,5.94,23.87,12.0,Hyderabad,Basic,UPI,0
CUST100084,62.0,58380.85,2.0,73.41,0.0,6.86,18.65,1.0,Pune,Basic,Card,1
CUST100371,41.0,32243.6,1.0,63.81,1.0,5.36,23.39,24.0,Mumbai,Standard,UPI,0
CUST100594,52.0,20790.64,13.0,55.56,3.0,7.26,22.36,1.0,Hyderabad,Basic,UPI,1
CUST100647,36.0,65036.99,12.0,51.14,1.0,5.77,12.34,6.0,Hyderabad,Standard,UPI,0
CUST101061,22.0,42712.2,7.0,88.4,1.0,7.6,19.26,24.0,Pune,Basic,UPI,0
CUST101442,42.0,43237.63,3.0,48.56,0.0,5.84,20.08,24.0,Hyderabad,Standard,Card,0
CUST100239,46.0,108495.62,2.0,137.79,0.0,7.21,17.62,24.0,Jaipur,Standard,NetBanking,0
CUST100576,42.0,54877.33,13.0,41.62,3.0,6.67,16.83,12.0,Delhi,Basic,NetBanking,0
CUST100871,29.0,62762.67,3.0,123.15,0.0,9.88,7.73,12.0,Hyderabad,Basic,NetBanking,0
CUST101037,47.0,48027.24,6.0,30.86,3.0,5.43,17.03,1.0,Bengaluru,Standard,Wallet,0
CUST100930,30.0,84046.79,14.0,76.26,1.0,8.98,19.7,24.0,Delhi,Basic,NetBanking,0
CUST100233,65.0,222410.22,8.0,77.21,3.0,9.09,27.95,1.0,Hyderabad,Standard,UPI,0
CUST100139,43.0,47118.86,11.0,143.94,1.0,9.98,8.69,24.0,Jaipur,Standard,UPI,1
CUST100592,33.0,99249.41,14.0,130.91,3.0,5.81,20.26,24.0,Mumbai,Standard,Card,0
CUST101248,47.0,88615.47,7.0,110.9,1.0,5.56,21.22,6.0,Delhi,Standard,Card,0
CUST101446,52.0,34599.06,0.0,46.87,0.0,7.72,9.09,12.0,Hyderabad,Basic,UPI,1
CUST100172,45.0,97605.9,13.0,77.89,2.0,6.34,29.78,1.0,Mumbai,Basic,UPI,0
CUST101227,38.0,34956.36,6.0,126.54,4.0,5.91,15.17,6.0,Hyderabad,Basic,NetBanking,1
CUST101473,25.0,42103.26,6.0,84.99,2.0,6.3,22.25,1.0,Mumbai,Standard,UPI,0
CUST100107,52.0,53863.01,11.0,41.34,5.0,6.01,25.35,1.0,Mumbai,Standard,UPI,0
CUST101008,55.0,52883.22,8.0,85.2,2.0,8.55,21.78,36.0,Delhi,Premium,Card,0
CUST100889,53.0,131904.45,13.0,30.65,3.0,8.27,23.09,12.0,Pune,Standard,UPI,0
CUST100211,40.0,27287.29,2.0,20.85,1.0,3.58,15.13,6.0,Delhi,Standard,NetBanking,1
CUST101305,65.0,56520.71,11.0,106.06,5.0,6.37,16.92,24.0,Jaipur,Premium,NetBanking,1
CUST101467,38.0,101738.89,10.0,32.78,7.0,7.55,11.8,24.0,Jaipur,Basic,UPI,0
CUST100346,47.0,89073.65,14.0,111.99,2.0,7.93,11.11,1.0,Hyderabad,Standard,UPI,0
CUST101490,43.0,34472.33,4.0,100.95,5.0,6.76,20.67,12.0,Delhi,Standard,Wallet,0
CUST100911,60.0,80963.54,12.0,86.9,1.0,5.8,26.85,36.0,Mumbai,Standard,Card,1
CUST100498,18.0,55702.47,3.0,62.06,1.0,8.09,14.61,24.0,Bengaluru,Premium,UPI,0
CUST101036,52.0,173020.17,15.0,91.27,4.0,8.5,27.88,1.0,Bengaluru,Basic,Card,0
CUST101135,44.0,69618.15,4.0,101.18,2.0,6.66,18.46,36.0,Jaipur,Basic,Wallet,0
CUST100679,38.0,77399.33,14.0,28.47,1.0,8.02,25.83,12.0,Hyderabad,Premium,Wallet,0
CUST100568,40.0,87545.86,11.0,111.92,1.0,8.86,20.59,24.0,Delhi,Premium,UPI,0
CUST100088,42.0,70343.04,10.0,37.73,18.0,9.25,18.4,24.0,Mumbai,Basic,UPI,0
CUST101211,51.0,28290.77,13.0,38.69,2.0,7.08,17.19,24.0,Delhi,Standard,Card,1
CUST100868,18.0,38852.28,3.0,61.47,0.0,4.97,31.89,6.0,Pune,Standard,Card,0
CUST100575,65.0,25104.88,10.0,130.54,0.0,8.09,15.98,24.0,Jaipur,Standard,NetBanking,0
CUST101371,38.0,73841.99,3.0,87.92,3.0,7.72,22.75,1.0,Pune,Basic,NetBanking,0
CUST100688,58.0,63499.57,2.0,54.96,0.0,4.9,23.96,12.0,Delhi,Basic,UPI,0
CUST100453,49.0,117644.79,8.0,114.39,2.0,6.6,5.13,36.0,Hyderabad,Premium,Wallet,0
CUST100168,59.0,46249.75,5.0,65.35,3.0,8.39,30.49,6.0,Hyderabad,Premium,UPI,0
CUST101427,60.0,24027.17,2.0,76.19,1.0,8.45,25.37,24.0,Bengaluru,Standard,Wallet,0
CUST100255,57.0,52406.81,5.0,63.29,3.0,5.05,15.79,1.0,Mumbai,Standard,NetBanking,0
CUST100421,50.0,30478.0,1.0,129.52,6.0,5.45,18.99,24.0,Hyderabad,Basic,UPI,1
CUST100240,20.0,115072.19,14.0,97.08,3.0,6.01,19.4,36.0,Pune,Basic,UPI,0
CUST100356,48.0,114037.41,7.0,52.83,2.0,7.82,21.11,12.0,Delhi,Basic,Card,1
CUST100245,20.0,96368.59,5.0,25.82,2.0,10.0,23.82,24.0,Hyderabad,Standard,UPI,0
CUST100284,41.0,94622.41,11.0,41.55,5.0,6.54,18.96,1.0,Bengaluru,Basic,NetBanking,1
CUST100984,32.0,153322.74,3.0,64.45,3.0,5.97,14.08,36.0,Mumbai,Premium,UPI,0
CUST100581,29.0,86720.45,14.0,113.46,2.0,5.73,16.61,24.0,Mumbai,Standard,UPI,0
CUST101072,25.0,56106.4,12.0,194.96,2.0,6.97,16.99,36.0,Jaipur,Standard,Wallet,0
CUST100282,20.0,27845.33,8.0,122.59,1.0,9.94,29.94,12.0,Delhi,Premium,Wallet,0
CUST101383,59.0,55252.41,7.0,46.95,1.0,8.91,16.77,36.0,Mumbai,Basic,Card,0
CUST100247,37.0,77054.99,5.0,126.29,6.0,6.68,24.19,6.0,Mumbai,Basic,UPI,0
CUST100079,31.0,82740.22,5.0,70.88,3.0,6.42,19.52,12.0,Bengaluru,Premium,UPI,0
CUST100650,44.0,38382.66,15.0,100.47,1.0,6.19,21.37,24.0,Delhi,Premium,UPI,0
CUST101086,19.0,58625.55,5.0,82.9,0.0,6.87,4.43,1.0,Hyderabad,Standard,NetBanking,1
CUST101458,34.0,44307.91,13.0,68.88,3.0,7.3,23.61,1.0,Bengaluru,Basic,NetBanking,0
CUST100332,38.0,47480.37,8.0,209.43,1.0,10.0,18.38,1.0,Delhi,Standard,Card,0
CUST100335,45.0,52307.94,1.0,120.37,0.0,4.2,19.58,12.0,Delhi,Standard,Card,0
CUST100359,38.0,57263.12,1.0,97.06,0.0,7.13,22.4,12.0,Pune,Basic,UPI,0
CUST100745,43.0,45704.36,8.0,104.8,0.0,6.7,19.18,12.0,Delhi,Basic,UPI,1
CUST101380,55.0,53903.16,0.0,151.89,1.0,6.4,16.97,1.0,Jaipur,Standard,Card,1
CUST100457,62.0,28008.8,4.0,82.04,2.0,3.14,5.91,12.0,Hyderabad,Basic,Card,1
CUST100523,60.0,26998.12,11.0,42.58,2.0,6.36,24.64,24.0,Hyderabad,Standard,Card,0
CUST100738,50.0,56217.99,10.0,118.07,3.0,4.38,10.53,36.0,Pune,Premium,Card,0
CUST101375,55.0,50945.29,3.0,28.19,0.0,7.13,20.18,24.0,Mumbai,Basic,UPI,1
CUST100958,50.0,61301.54,15.0,78.48,2.0,7.47,16.27,36.0,Delhi,Standard,Card,0
CUST100736,62.0,81565.41,10.0,127.75,2.0,7.02,28.66,36.0,Delhi,Premium,UPI,0
CUST100888,43.0,31850.91,7.0,44.46,4.0,6.63,20.41,36.0,Bengaluru,Premium,UPI,0
CUST100275,49.0,42150.51,4.0,50.5,2.0,8.79,11.28,12.0,Bengaluru,Premium,NetBanking,0
CUST100451,64.0,30021.61,5.0,52.34,3.0,8.64,17.26,1.0,Delhi,Standard,NetBanking,0
CUST100751,51.0,59009.79,7.0,90.68,3.0,9.1,19.85,24.0,Bengaluru,Standard,Card,0
CUST100112,56.0,40068.1,2.0,112.09,2.0,9.06,16.26,12.0,Bengaluru,Standard,UPI,0
CUST100518,42.0,52211.52,5.0,119.18,2.0,8.63,17.0,12.0,Bengaluru,Basic,UPI,0
CUST100064,23.0,228754.74,3.0,116.69,5.0,6.24,11.04,24.0,Bengaluru,Basic,NetBanking,0
CUST101009,54.0,46573.29,13.0,79.11,4.0,6.47,10.65,36.0,Delhi,Basic,UPI,0
CUST101272,50.0,53497.7,11.0,90.51,2.0,7.74,10.76,1.0,Pune,Standard,UPI,0
CUST101339,39.0,59441.97,9.0,53.55,2.0,6.97,27.76,12.0,Bengaluru,Standard,NetBanking,0
CUST100660,45.0,36026.91,0.0,54.71,5.0,5.04,9.52,12.0,Bengaluru,Standard,Card,1
CUST101095,25.0,54004.96,3.0,97.69,4.0,9.32,17.26,6.0,Hyderabad,Basic,UPI,0
CUST100935,20.0,25591.01,2.0,126.09,1.0,6.62,20.65,36.0,Mumbai,Basic,Wallet,0
CUST100256,18.0,39494.24,8.0,63.74,2.0,6.15,25.73,24.0,Pune,Premium,UPI,0
CUST100155,40.0,69307.91,8.0,49.85,3.0,6.94,5.33,24.0,Mumbai,Standard,NetBanking,1
CUST101483,64.0,41673.31,7.0,28.25,0.0,9.36,20.77,36.0,Pune,Basic,Card,0
CUST101084,50.0,92617.96,7.0,74.86,1.0,8.71,17.79,36.0,Delhi,Standard,Card,0
CUST101337,61.0,41610.93,15.0,203.55,2.0,5.68,18.54,36.0,Bengaluru,Basic,NetBanking,0
CUST101217,42.0,51716.7,9.0,80.94,3.0,7.23,27.85,12.0,Bengaluru,Standard,UPI,1
CUST100291,57.0,43594.51,8.0,107.82,6.0,6.52,24.74,36.0,Bengaluru,Premium,UPI,0
CUST101122,53.0,59272.93,14.0,150.96,4.0,9.0,15.53,36.0,Mumbai,Standard,Card,0
CUST100531,52.0,92031.21,8.0,132.78,2.0,6.61,23.86,12.0,Delhi,Premium,UPI,1
CUST100922,56.0,47990.31,15.0,85.5,3.0,5.49,19.91,36.0,Pune,Standard,UPI,1
CUST101001,50.0,87754.31,1.0,53.61,2.0,8.87,22.59,36.0,Mumbai,Standard,NetBanking,1
CUST101448,54.0,57179.36,2.0,159.79,1.0,6.08,20.3,12.0,Jaipur,Basic,UPI,0
CUST100956,23.0,55690.41,15.0,83.13,2.0,7.54,24.56,6.0,Bengaluru,Premium,UPI,0
CUST101247,46.0,60387.09,11.0,27.86,2.0,7.94,12.72,6.0,Jaipur,Premium,UPI,0
CUST100959,39.0,53155.02,6.0,63.84,1.0,9.42,13.05,12.0,Hyderabad,Basic,UPI,0
CUST101189,63.0,109964.35,12.0,32.45,3.0,9.4,20.4,6.0,Pune,Premium,UPI,0
CUST100859,36.0,42927.9,4.0,132.72,5.0,7.6,19.0,12.0,Jaipur,Basic,NetBanking,0
CUST100167,19.0,133033.82,3.0,145.88,0.0,7.0,15.83,24.0,Delhi,Basic,UPI,0
CUST101428,34.0,113512.21,3.0,128.18,0.0,5.99,27.96,12.0,Delhi,Standard,UPI,1
CUST101367,54.0,25719.69,9.0,43.36,1.0,8.83,17.85,1.0,Delhi,Standard,NetBanking,0
CUST100916,52.0,30352.54,3.0,31.42,3.0,7.93,11.45,6.0,Delhi,Basic,Card,0
CUST101099,46.0,29243.07,13.0,46.15,1.0,6.97,7.41,12.0,Delhi,Standard,UPI,0
CUST101444,42.0,60550.26,5.0,36.25,5.0,5.85,22.38,1.0,Hyderabad,Standard,UPI,1
CUST101249,33.0,23606.71,0.0,70.86,1.0,6.22,25.42,24.0,Delhi,Basic,Wallet,0
CUST101028,54.0,80913.49,14.0,72.49,1.0,7.3,1.37,24.0,Hyderabad,Basic,Card,0
CUST101324,28.0,130436.12,1.0,80.81,2.0,6.36,23.24,36.0,Mumbai,Basic,Card,0
CUST100350,52.0,121883.71,8.0,77.07,0.0,5.25,11.96,36.0,Hyderabad,Basic,NetBanking,1
CUST100542,24.0,42739.71,6.0,82.97,2.0,7.5,10.25,24.0,Jaipur,Basic,Card,0
CUST100375,40.0,44579.16,3.0,56.26,3.0,9.53,22.96,12.0,Bengaluru,Basic,UPI,1
CUST100377,44.0,67700.72,14.0,85.62,0.0,7.72,17.11,36.0,Jaipur,Standard,UPI,0
CUST100807,42.0,37643.27,7.0,63.33,3.0,6.84,19.05,36.0,Jaipur,Basic,NetBanking,0
CUST101417,64.0,42800.81,1.0,111.86,2.0,9.53,21.63,1.0,Delhi,Standard,UPI,0
CUST100494,48.0,103364.92,15.0,142.82,1.0,4.34,5.72,36.0,Mumbai,Basic,UPI,1
CUST100758,45.0,79294.11,9.0,163.24,3.0,8.14,17.95,6.0,Delhi,Basic,Card,0
CUST101408,38.0,64370.21,0.0,91.88,1.0,5.96,28.81,1.0,Jaipur,Basic,Card,0
CUST101412,53.0,61085.58,15.0,101.55,0.0,6.81,4.19,12.0,Bengaluru,Standard,Card,0
CUST101484,49.0,46435.01,6.0,74.87,5.0,10.0,12.07,6.0,Bengaluru,Premium,Card,0
CUST101379,42.0,84477.52,12.0,39.98,2.0,7.26,17.55,1.0,Bengaluru,Premium,UPI,0
CUST101298,60.0,50648.16,8.0,77.89,1.0,5.35,18.48,24.0,Hyderabad,Standard,Card,1
CUST100310,31.0,38198.65,5.0,106.08,0.0,6.67,1.77,36.0,Mumbai,Basic,Card,0
CUST100102,25.0,23469.17,9.0,102.81,3.0,9.34,15.89,12.0,Bengaluru,Basic,Wallet,0
CUST100305,58.0,66678.0,5.0,85.89,2.0,6.51,20.89,1.0,Mumbai,Standard,Card,1
CUST100395,24.0,44683.3,12.0,104.33,1.0,8.86,22.78,1.0,Delhi,Standard,UPI,0
CUST100339,65.0,28395.97,6.0,118.34,2.0,8.37,11.46,36.0,Hyderabad,Standard,Card,1
CUST101081,50.0,57717.2,10.0,67.15,4.0,5.54,14.91,1.0,Jaipur,Basic,UPI,1
CUST100848,25.0,24134.86,11.0,97.97,4.0,8.6,30.31,36.0,Pune,Basic,Wallet,0
CUST101376,51.0,30447.47,0.0,45.92,1.0,3.88,13.24,12.0,Pune,Standard,UPI,1
CUST101256,19.0,82590.9,6.0,77.85,0.0,7.46,17.5,24.0,Delhi,Basic,Card,0
CUST100754,18.0,58624.87,8.0,67.78,3.0,9.47,22.79,24.0,Pune,Standard,UPI,0
CUST100022,55.0,50350.86,6.0,71.23,0.0,7.94,18.14,36.0,Mumbai,Basic,Card,1
CUST100918,42.0,34853.41,10.0,53.29,3.0,7.91,16.15,12.0,Hyderabad,Standard,UPI,0
CUST100744,38.0,60106.52,0.0,123.1,3.0,7.8,17.21,1.0,Mumbai,Basic,UPI,0
CUST101242,36.0,82521.44,12.0,86.24,2.0,7.33,16.26,6.0,Hyderabad,Standard,UPI,0
CUST100743,28.0,66706.26,15.0,51.62,0.0,5.19,19.91,12.0,Delhi,Premium,UPI,0
CUST100030,44.0,27737.16,10.0,110.32,0.0,7.25,17.75,1.0,Delhi,Basic,UPI,1
CUST101409,28.0,42957.75,13.0,189.19,4.0,6.14,16.78,1.0,Pune,Premium,Card,0
CUST101386,44.0,33545.98,12.0,65.89,2.0,10.0,15.02,24.0,Pune,Standard,NetBanking,0
CUST100386,65.0,53381.14,7.0,31.38,2.0,5.08,23.1,24.0,Bengaluru,Premium,UPI,1
CUST101073,56.0,45852.77,1.0,107.21,1.0,5.11,20.1,24.0,Delhi,Standard,Card,1
CUST100732,42.0,33803.59,3.0,53.63,0.0,7.44,18.36,1.0,Delhi,Standard,UPI,1
CUST100026,29.0,32248.85,13.0,126.83,1.0,8.64,13.44,12.0,Bengaluru,Basic,Card,0
CUST101262,25.0,46069.1,3.0,58.41,3.0,7.68,17.58,24.0,Pune,Premium,NetBanking,0
CUST101158,57.0,32672.68,9.0,50.4,2.0,7.9,15.53,24.0,Bengaluru,Standard,UPI,0
CUST101274,45.0,73054.1,2.0,36.76,2.0,8.02,16.54,12.0,Pune,Basic,UPI,0
CUST100828,34.0,57917.77,9.0,108.33,4.0,6.44,26.77,1.0,Jaipur,Standard,UPI,0
CUST100296,52.0,36773.58,3.0,107.87,6.0,8.15,11.49,36.0,Mumbai,Basic,UPI,1
CUST100849,21.0,65259.3,4.0,35.2,2.0,5.88,18.65,24.0,Mumbai,Basic,Card,0
CUST100353,41.0,67378.51,10.0,55.98,1.0,10.0,6.85,12.0,Mumbai,Basic,UPI,1
CUST100713,54.0,113305.41,3.0,165.31,2.0,7.79,25.94,12.0,Bengaluru,Basic,UPI,1
CUST101479,43.0,80762.22,9.0,79.62,2.0,6.09,18.1,6.0,Jaipur,Standard,Wallet,0
CUST101178,31.0,68566.66,7.0,151.57,4.0,8.16,17.01,24.0,Delhi,Standard,UPI,0
CUST100892,52.0,72655.71,5.0,71.27,3.0,7.58,19.78,12.0,Pune,Premium,UPI,0
CUST100982,28.0,17122.91,10.0,63.44,2.0,6.82,29.73,6.0,Mumbai,Basic,UPI,1
CUST100978,23.0,60343.63,10.0,54.05,1.0,5.62,19.63,12.0,Delhi,Standard,Wallet,0
CUST101120,48.0,43746.45,9.0,139.71,4.0,9.55,21.36,1.0,Mumbai,Basic,Wallet,0
CUST101277,46.0,114097.49,8.0,98.18,3.0,9.41,14.04,12.0,Mumbai,Basic,UPI,0
CUST100832,41.0,44652.44,15.0,83.82,1.0,7.83,16.8,36.0,Mumbai,Standard,NetBanking,0
CUST101433,43.0,117322.8,11.0,86.79,0.0,5.61,20.85,12.0,Bengaluru,Premium,Card,0
CUST101177,46.0,89601.35,15.0,137.79,0.0,6.52,10.69,36.0,Delhi,Standard,UPI,0
CUST100543,21.0,83855.86,12.0,54.4,1.0,7.5,23.37,24.0,Hyderabad,Basic,UPI,0
CUST100221,23.0,29694.71,5.0,103.68,3.0,6.55,16.72,24.0,Mumbai,Premium,UPI,0
CUST100933,21.0,28362.62,12.0,50.04,3.0,4.69,15.24,24.0,Bengaluru,Basic,UPI,0
CUST100067,46.0,20021.02,13.0,57.81,2.0,10.0,24.7,36.0,Pune,Standard,Wallet,0
CUST100150,56.0,26100.31,10.0,55.53,2.0,5.25,17.5,12.0,Jaipur,Standard,Card,1
CUST100778,30.0,46419.6,8.0,48.12,3.0,8.69,23.84,6.0,Jaipur,Basic,NetBanking,0
CUST100091,58.0,32502.92,7.0,80.59,3.0,7.31,16.27,36.0,Delhi,Basic,NetBanking,1
CUST100308,21.0,69046.17,1.0,56.63,3.0,5.3,12.2,12.0,Delhi,Premium,UPI,0
CUST100802,54.0,36948.54,12.0,91.67,2.0,5.96,15.2,6.0,Jaipur,Standard,UPI,0
CUST101031,42.0,122641.86,5.0,75.11,1.0,6.89,6.34,6.0,Delhi,Basic,Card,0
CUST101374,58.0,111395.38,5.0,28.43,2.0,9.01,18.02,24.0,Delhi,Premium,UPI,0
CUST100007,56.0,31000.46,2.0,113.18,3.0,9.48,22.19,36.0,Bengaluru,Standard,Card,0
CUST100493,51.0,64826.77,13.0,43.82,1.0,6.0,16.75,12.0,Pune,Premium,Wallet,1
CUST101369,23.0,40157.35,0.0,112.66,1.0,7.39,17.98,1.0,Bengaluru,Premium,UPI,0
CUST101041,31.0,97932.42,7.0,51.71,3.0,7.62,10.86,12.0,Delhi,Standard,UPI,1
CUST101004,64.0,56742.05,0.0,63.23,2.0,4.81,12.45,1.0,Hyderabad,Premium,NetBanking,1
CUST100829,27.0,30876.97,6.0,115.62,1.0,7.06,7.43,12.0,Pune,Premium,Card,0
CUST100148,30.0,119307.81,5.0,52.1,2.0,5.88,28.76,1.0,Delhi,Basic,NetBanking,0
CUST100056,64.0,69132.06,15.0,101.24,3.0,7.08,16.24,24.0,Jaipur,Basic,Wallet,0
CUST101114,27.0,44566.74,14.0,93.81,1.0,7.21,15.55,36.0,Mumbai,Basic,Card,1
CUST101230,37.0,66665.55,6.0,99.03,0.0,10.0,17.98,36.0,Pune,Standard,UPI,0
CUST101289,64.0,166930.05,7.0,109.78,4.0,9.6,17.3,6.0,Delhi,Basic,Card,0
CUST100045,42.0,70860.89,15.0,97.17,2.0,6.14,1.69,24.0,Delhi,Standard,NetBanking,0
CUST101263,46.0,65778.89,9.0,43.26,1.0,6.79,23.66,12.0,Pune,Basic,Card,0
CUST100368,20.0,57192.33,15.0,49.96,3.0,7.77,24.29,24.0,Hyderabad,Basic,UPI,0
CUST100232,28.0,77710.39,10.0,99.67,5.0,5.47,20.61,12.0,Jaipur,Basic,Wallet,0
CUST100804,31.0,51602.5,5.0,45.11,2.0,6.4,12.85,36.0,Hyderabad,Basic,UPI,0
CUST101385,38.0,113839.54,10.0,163.94,4.0,6.23,7.58,24.0,Delhi,Standard,UPI,0
CUST100425,22.0,70722.69,14.0,152.43,2.0,6.86,22.42,36.0,Hyderabad,Basic,Card,0
CUST100035,64.0,54781.05,5.0,69.01,6.0,8.32,19.83,12.0,Delhi,Basic,UPI,1
CUST100488,54.0,39802.36,3.0,84.36,5.0,5.35,15.01,12.0,Bengaluru,Premium,Card,1
CUST101317,46.0,48906.17,4.0,56.02,4.0,7.41,19.97,1.0,Jaipur,Premium,Wallet,1
CUST100622,63.0,74922.86,15.0,123.69,2.0,8.2,18.11,1.0,Hyderabad,Standard,Wallet,1
CUST100169,62.0,63761.92,6.0,73.88,0.0,6.2,15.23,6.0,Mumbai,Basic,Card,1
CUST100582,58.0,63548.71,2.0,90.18,1.0,7.66,22.15,6.0,Bengaluru,Basic,UPI,0
CUST101411,28.0,101745.94,12.0,113.77,5.0,5.49,9.01,24.0,Delhi,Basic,Card,0
CUST101070,35.0,18747.46,13.0,110.74,1.0,7.21,11.85,36.0,Jaipur,Premium,UPI,0
CUST100837,30.0,29859.46,8.0,27.4,7.0,8.68,20.12,24.0,Hyderabad,Basic,UPI,1
CUST101088,57.0,57471.39,7.0,99.2,5.0,8.43,33.88,24.0,Delhi,Basic,UPI,0
CUST101384,39.0,59773.19,1.0,48.29,2.0,9.44,21.57,6.0,Mumbai,Premium,UPI,0
CUST100831,37.0,97163.34,13.0,67.02,2.0,5.99,22.44,24.0,Bengaluru,Basic,UPI,0
CUST101370,35.0,96624.18,3.0,34.94,1.0,4.2,16.83,12.0,Bengaluru,Premium,Card,1
CUST100728,23.0,75304.93,13.0,94.74,2.0,8.98,12.13,12.0,Hyderabad,Basic,NetBanking,0
CUST100556,52.0,100762.47,0.0,46.98,2.0,9.1,12.19,1.0,Delhi,Basic,Card,0
CUST101469,40.0,42325.21,9.0,52.35,4.0,8.62,16.13,12.0,Delhi,Standard,UPI,0
CUST101111,21.0,73902.73,6.0,54.54,0.0,6.15,15.2,12.0,Jaipur,Standard,UPI,0
CUST101143,37.0,63713.26,12.0,149.82,1.0,7.34,9.34,24.0,Bengaluru,Standard,Card,0
CUST100692,18.0,68115.97,15.0,76.6,1.0,9.57,17.04,36.0,Mumbai,Premium,Card,0
CUST100103,41.0,48421.03,8.0,70.57,1.0,10.0,19.38,24.0,Delhi,Basic,UPI,0
CUST101265,20.0,50598.98,4.0,214.77,2.0,4.89,28.29,1.0,Delhi,Standard,Card,0
CUST101341,41.0,58883.54,15.0,89.0,3.0,5.44,17.16,1.0,Hyderabad,Standard,UPI,0
CUST101407,46.0,91771.43,14.0,77.34,3.0,8.44,17.79,12.0,Mumbai,Basic,UPI,0
CUST100796,47.0,104640.34,5.0,64.98,7.0,7.61,15.67,1.0,Mumbai,Basic,Card,0
CUST100923,34.0,65499.49,12.0,48.43,3.0,6.48,27.89,24.0,Delhi,Standard,UPI,0
CUST100913,62.0,27246.7,5.0,61.17,2.0,9.84,10.67,12.0,Jaipur,Premium,UPI,0
CUST100006,38.0,64094.82,8.0,38.31,1.0,7.56,14.9,1.0,Jaipur,Premium,UPI,0
CUST100929,34.0,137843.48,14.0,97.73,4.0,9.09,24.45,12.0,Bengaluru,Basic,NetBanking,0
CUST100893,32.0,44375.26,8.0,71.67,3.0,6.61,20.7,1.0,Jaipur,Standard,UPI,0
CUST100537,43.0,28055.59,15.0,35.63,0.0,5.44,28.69,12.0,Jaipur,Standard,UPI,0
CUST101027,18.0,50148.44,10.0,92.83,3.0,7.7,13.7,24.0,Delhi,Standard,NetBanking,0
CUST100325,42.0,35227.3,10.0,86.23,4.0,10.0,24.24,24.0,Delhi,Premium,Wallet,1
CUST100845,48.0,56217.84,13.0,95.65,0.0,4.48,22.69,1.0,Mumbai,Basic,NetBanking,1
CUST101241,40.0,59901.61,5.0,83.98,5.0,4.57,18.26,6.0,Bengaluru,Standard,Wallet,0
CUST101162,64.0,63146.36,4.0,86.41,3.0,5.66,19.94,24.0,Delhi,Basic,UPI,1
CUST101214,60.0,44343.82,4.0,121.27,0.0,4.76,20.65,12.0,Pune,Standard,UPI,0
CUST100027,39.0,177026.65,8.0,61.86,3.0,7.99,20.73,24.0,Delhi,Standard,UPI,0
CUST101335,26.0,63292.35,5.0,58.87,5.0,5.44,15.62,24.0,Jaipur,Standard,UPI,1
CUST101176,26.0,67651.19,13.0,76.91,2.0,6.64,9.83,1.0,Delhi,Basic,UPI,0
CUST100153,47.0,114350.35,1.0,67.16,0.0,8.24,16.11,12.0,Mumbai,Standard,UPI,0
CUST101318,35.0,30809.84,13.0,14.22,3.0,6.41,16.29,36.0,Hyderabad,Premium,UPI,1
CUST101293,49.0,60994.01,0.0,227.87,6.0,9.97,30.34,36.0,Mumbai,Standard,Card,0
CUST100634,25.0,21095.34,0.0,93.66,2.0,7.77,17.54,6.0,Delhi,Basic,UPI,0
CUST100047,26.0,79960.07,12.0,128.61,4.0,6.82,19.0,24.0,Mumbai,Standard,UPI,0
CUST100722,45.0,47987.54,5.0,85.21,0.0,10.0,28.24,24.0,Delhi,Standard,Wallet,0
CUST100182,18.0,32832.28,1.0,113.76,4.0,7.57,14.51,12.0,Delhi,Standard,Wallet,1
CUST100471,31.0,36466.49,2.0,124.89,2.0,6.73,18.33,12.0,Hyderabad,Basic,Card,0
CUST100184,30.0,38710.85,9.0,138.03,4.0,7.3,11.98,24.0,Pune,Standard,NetBanking,1
CUST100735,47.0,80630.38,14.0,71.58,2.0,9.47,20.22,1.0,Mumbai,Standard,Card,0
CUST100286,41.0,59580.2,0.0,103.68,2.0,8.65,24.93,24.0,Delhi,Basic,Card,0
CUST101151,64.0,53727.47,9.0,66.76,2.0,4.79,19.13,24.0,Hyderabad,Standard,Card,0
CUST101478,32.0,44294.04,15.0,164.62,1.0,7.29,14.81,12.0,Jaipur,Standard,NetBanking,0
CUST101235,57.0,37177.84,6.0,93.33,3.0,6.5,8.98,1.0,Delhi,Standard,UPI,1
CUST100773,31.0,51390.7,11.0,70.41,2.0,7.35,8.63,12.0,Mumbai,Basic,Card,0
CUST100784,45.0,40079.34,0.0,89.18,4.0,8.27,22.14,12.0,Hyderabad,Basic,NetBanking,0
CUST100476,63.0,32704.16,3.0,53.67,1.0,7.26,27.96,24.0,Jaipur,Basic,UPI,1
CUST101387,48.0,62551.9,6.0,77.05,2.0,4.61,30.41,12.0,Pune,Standard,Card,0
CUST100985,23.0,30807.46,15.0,133.6,3.0,9.28,16.75,6.0,Delhi,Basic,Card,0
CUST101273,40.0,97431.35,5.0,68.76,3.0,6.18,19.58,36.0,Mumbai,Basic,UPI,0
CUST101184,18.0,28775.64,6.0,74.44,3.0,6.44,19.39,36.0,Jaipur,Premium,UPI,0
CUST100614,64.0,55869.41,12.0,153.84,3.0,8.87,8.14,12.0,Delhi,Standard,UPI,0
CUST100015,41.0,100240.27,14.0,40.75,1.0,6.57,30.72,6.0,Pune,Premium,Card,0
CUST101416,51.0,77453.64,13.0,132.18,1.0,7.6,15.52,6.0,Bengaluru,Premium,Card,1
CUST101240,47.0,112794.67,8.0,58.89,2.0,7.21,15.75,36.0,Mumbai,Basic,UPI,0
CUST100261,48.0,40396.83,1.0,68.78,2.0,5.1,5.12,36.0,Hyderabad,Standard,Wallet,0
CUST101244,47.0,45343.18,15.0,46.8,3.0,10.0,17.33,24.0,Pune,Standard,Card,0
CUST100034,32.0,56520.71,12.0,149.44,2.0,7.71,21.22,36.0,Mumbai,Premium,Card,0
CUST101128,22.0,88643.48,14.0,74.65,3.0,6.92,23.13,1.0,Bengaluru,Basic,UPI,0
CUST100163,49.0,30278.22,6.0,218.29,3.0,7.37,10.81,24.0,Bengaluru,Standard,Wallet,0
CUST100695,40.0,48323.46,5.0,65.96,1.0,6.76,10.27,12.0,Delhi,Basic,NetBanking,1
CUST100283,37.0,26332.58,12.0,77.29,1.0,8.27,24.05,24.0,Jaipur,Basic,Card,0
CUST100078,25.0,41404.38,2.0,162.6,1.0,4.97,14.9,36.0,Delhi,Basic,UPI,0
CUST100740,35.0,37428.58,10.0,69.64,2.0,6.76,8.9,36.0,Delhi,Basic,Card,0
CUST100724,46.0,78214.52,15.0,101.35,0.0,7.57,25.47,12.0,Mumbai,Standard,Wallet,0
CUST100101,61.0,73771.6,10.0,133.63,0.0,7.27,18.66,6.0,Bengaluru,Standard,Wallet,0
CUST100665,20.0,59177.1,8.0,146.96,0.0,8.44,27.61,36.0,Jaipur,Standard,UPI,0
CUST100703,29.0,28711.06,3.0,90.16,2.0,8.88,22.35,36.0,Delhi,Standard,NetBanking,0
CUST100435,33.0,65550.15,12.0,98.25,2.0,3.89,20.55,24.0,Mumbai,Standard,Card,1
CUST101255,64.0,67695.1,6.0,190.5,2.0,7.24,14.53,36.0,Mumbai,Basic,UPI,0
CUST100920,45.0,103814.16,14.0,49.17,0.0,7.21,17.34,1.0,Mumbai,Premium,Card,0
CUST101401,63.0,39616.57,12.0,118.62,3.0,7.74,4.59,36.0,Delhi,Premium,Card,0
CUST101419,39.0,265198.39,10.0,97.03,1.0,7.48,20.55,6.0,Delhi,Standard,NetBanking,0
CUST100415,39.0,49262.99,10.0,79.82,1.0,8.0,17.8,6.0,Bengaluru,Premium,Card,0
CUST100989,32.0,62890.66,10.0,49.55,3.0,4.08,15.43,12.0,Jaipur,Standard,Card,0
CUST100065,59.0,150413.29,2.0,114.18,2.0,6.28,21.61,1.0,Jaipur,Premium,Card,0
CUST101121,64.0,31456.51,0.0,142.29,1.0,7.51,25.69,12.0,Bengaluru,Standard,UPI,0
CUST101112,39.0,44101.14,7.0,57.91,1.0,4.93,18.9,12.0,Delhi,Basic,UPI,0
CUST100881,64.0,26484.31,12.0,77.18,1.0,7.33,22.62,24.0,Bengaluru,Standard,NetBanking,0
CUST101457,61.0,88558.21,12.0,118.15,3.0,5.83,13.17,12.0,Delhi,Standard,UPI,0
CUST101382,40.0,65930.62,9.0,112.93,0.0,6.32,11.85,6.0,Delhi,Premium,NetBanking,0
CUST100191,26.0,118284.94,9.0,114.35,3.0,5.98,12.36,12.0,Bengaluru,Basic,UPI,0
CUST101163,57.0,20440.3,3.0,209.37,5.0,8.25,16.55,12.0,Delhi,Standard,Wallet,0
CUST100683,52.0,74910.04,13.0,97.17,3.0,6.47,11.57,12.0,Pune,Basic,Card,0
CUST100936,58.0,69760.61,3.0,142.19,4.0,7.32,23.05,12.0,Pune,Basic,UPI,1
CUST101354,62.0,81163.72,8.0,106.08,2.0,6.23,24.2,12.0,Delhi,Standard,Card,0
CUST100115,24.0,68581.44,7.0,52.14,3.0,8.64,17.63,1.0,Mumbai,Standard,UPI,0
CUST100236,26.0,66210.0,11.0,85.51,1.0,5.1,33.18,12.0,Delhi,Basic,Card,0
CUST100619,34.0,54331.92,12.0,74.3,1.0,7.89,13.07,1.0,Delhi,Basic,Wallet,0
CUST100714,58.0,111101.03,15.0,168.34,0.0,6.71,18.04,24.0,Bengaluru,Standard,UPI,0
CUST101429,62.0,38303.67,14.0,100.52,3.0,8.96,25.29,24.0,Pune,Basic,NetBanking,0
CUST101000,37.0,42455.34,11.0,95.77,1.0,8.45,17.1,12.0,Hyderabad,Basic,NetBanking,1
CUST101017,27.0,74953.78,5.0,89.91,2.0,4.86,25.38,36.0,Mumbai,Basic,UPI,0
CUST101012,30.0,64331.9,10.0,114.72,4.0,5.81,23.74,12.0,Pune,Basic,Card,0
CUST101046,52.0,52511.83,14.0,71.82,1.0,5.52,23.4,24.0,Mumbai,Standard,NetBanking,1
CUST100407,45.0,26552.88,1.0,57.81,4.0,7.24,17.29,36.0,Hyderabad,Premium,UPI,0
CUST100351,58.0,56041.54,13.0,34.36,3.0,8.57,16.85,36.0,Jaipur,Basic,UPI,1
CUST101080,32.0,60406.28,9.0,128.39,3.0,6.92,22.38,12.0,Pune,Standard,Wallet,0
CUST101013,60.0,32312.65,12.0,110.38,2.0,8.28,17.97,24.0,Pune,Basic,Card,1
CUST100511,29.0,58136.1,5.0,144.42,1.0,8.84,22.95,12.0,Hyderabad,Standard,UPI,0
CUST101180,58.0,37215.79,13.0,96.12,3.0,7.22,17.67,24.0,Pune,Basic,UPI,1
CUST100127,57.0,42600.9,3.0,86.37,2.0,7.7,25.57,12.0,Delhi,Standard,UPI,0
CUST101445,42.0,37349.79,14.0,46.47,5.0,5.23,17.62,36.0,Pune,Premium,Card,1
CUST100294,65.0,73002.61,0.0,71.64,0.0,6.97,29.15,36.0,Bengaluru,Standard,UPI,0
CUST100974,54.0,25024.19,12.0,73.92,4.0,4.23,24.33,12.0,Jaipur,Premium,Wallet,1
CUST101057,47.0,57043.35,10.0,95.57,1.0,9.77,9.67,12.0,Bengaluru,Basic,NetBanking,0
CUST100907,20.0,64168.26,7.0,170.88,3.0,7.58,19.96,6.0,Bengaluru,Standard,Card,0
CUST100141,56.0,33277.1,5.0,69.8,4.0,6.24,10.53,24.0,Jaipur,Standard,Wallet,0
CUST100223,21.0,30030.84,9.0,134.27,3.0,10.0,17.77,6.0,Delhi,Standard,NetBanking,0
CUST101331,22.0,64999.46,6.0,99.85,3.0,9.26,13.85,1.0,Hyderabad,Standard,Card,0
CUST100876,43.0,76462.2,0.0,43.77,3.0,6.85,15.79,6.0,Pune,Standard,UPI,1
CUST100544,62.0,109063.66,0.0,134.89,3.0,7.22,25.21,24.0,Bengaluru,Standard,Card,1
CUST100680,42.0,71527.5,2.0,107.51,2.0,8.42,26.15,24.0,Delhi,Standard,UPI,0
CUST100357,52.0,72777.86,10.0,108.07,1.0,8.67,24.95,12.0,Mumbai,Standard,Wallet,0
CUST101284,64.0,77282.53,3.0,168.59,0.0,5.99,13.34,12.0,Hyderabad,Basic,UPI,1
CUST101268,27.0,35546.13,15.0,88.09,0.0,7.74,17.68,36.0,Delhi,Standard,NetBanking,0
CUST100194,59.0,56520.71,5.0,121.18,2.0,5.1,19.35,1.0,Hyderabad,Basic,UPI,1
CUST100894,64.0,74235.01,7.0,108.39,3.0,4.72,12.84,36.0,Mumbai,Standard,UPI,0
CUST100897,43.0,67940.67,7.0,89.37,1.0,7.73,22.99,1.0,Delhi,Basic,Card,1
CUST100373,64.0,52653.6,14.0,167.75,5.0,3.42,32.0,24.0,Mumbai,Premium,NetBanking,1
CUST101091,23.0,51444.1,9.0,33.42,2.0,5.21,15.55,12.0,Mumbai,Premium,Card,0
CUST101365,51.0,54880.72,12.0,71.73,4.0,7.44,13.85,24.0,Mumbai,Standard,Card,0
CUST101065,21.0,46794.84,5.0,81.08,4.0,4.33,19.22,12.0,Delhi,Standard,UPI,0
CUST100166,45.0,133183.86,12.0,103.2,1.0,8.14,18.28,1.0,Delhi,Premium,Card,0
CUST100361,40.0,51410.3,13.0,88.47,0.0,4.88,25.72,24.0,Delhi,Standard,UPI,0
CUST100545,28.0,30996.28,6.0,101.33,0.0,8.5,17.44,24.0,Pune,Basic,NetBanking,0
CUST101498,65.0,51494.71,2.0,63.53,1.0,6.5,26.21,24.0,Bengaluru,Standard,Card,0
CUST100204,19.0,54406.63,8.0,50.53,0.0,4.07,15.37,12.0,Mumbai,Standard,NetBanking,0
CUST101147,55.0,43455.53,1.0,105.08,3.0,9.27,6.41,24.0,Pune,Basic,Card,0
CUST100323,63.0,80235.53,10.0,126.76,2.0,7.32,15.09,36.0,Hyderabad,Standard,Card,0
CUST100074,31.0,60987.78,3.0,130.85,3.0,7.66,17.32,36.0,Mumbai,Premium,UPI,0
CUST101148,23.0,54083.15,1.0,64.74,1.0,6.23,10.59,36.0,Jaipur,Basic,UPI,0
CUST100392,42.0,40828.59,9.0,67.86,3.0,7.87,22.18,12.0,Bengaluru,Premium,Card,1
CUST100947,61.0,80712.33,4.0,86.73,0.0,6.99,11.4,36.0,Delhi,Basic,Card,1
CUST100426,56.0,32196.51,11.0,75.38,1.0,6.92,19.81,24.0,Mumbai,Basic,Wallet,0
CUST100635,65.0,33308.71,6.0,100.52,3.0,6.6,7.38,12.0,Delhi,Standard,Wallet,1
CUST100387,56.0,57310.2,10.0,49.19,2.0,5.35,28.38,12.0,Hyderabad,Basic,UPI,1
CUST101472,23.0,49813.08,10.0,77.39,1.0,8.72,17.6,1.0,Delhi,Basic,UPI,0
CUST100998,21.0,42330.43,2.0,93.36,2.0,4.85,7.82,6.0,Hyderabad,Standard,UPI,0
CUST100050,37.0,40878.21,0.0,118.64,1.0,8.83,10.07,36.0,Delhi,Standard,NetBanking,0
CUST101074,57.0,58298.03,4.0,97.27,4.0,9.02,15.79,12.0,Mumbai,Basic,NetBanking,0
CUST100551,27.0,67972.58,11.0,146.09,1.0,3.32,10.49,36.0,Hyderabad,Premium,UPI,0
CUST100500,62.0,74711.14,9.0,124.16,1.0,10.0,13.82,36.0,Bengaluru,Standard,UPI,0
CUST101210,44.0,62381.1,11.0,74.0,2.0,6.18,22.49,24.0,Delhi,Basic,UPI,0
CUST100106,25.0,40676.03,3.0,77.26,1.0,7.04,19.1,1.0,Mumbai,Standard,Card,0
CUST100468,54.0,48052.34,12.0,111.77,3.0,8.32,16.56,6.0,Bengaluru,Basic,UPI,1
CUST101422,53.0,47894.11,4.0,120.3,3.0,8.99,20.87,1.0,Mumbai,Basic,UPI,1
CUST100391,52.0,84297.83,13.0,40.62,4.0,6.24,23.0,24.0,Mumbai,Standard,UPI,0
CUST101098,64.0,53755.69,15.0,65.72,2.0,6.3,23.05,6.0,Delhi,Standard,UPI,1
CUST100809,51.0,48005.75,8.0,107.66,4.0,6.9,15.1,12.0,Pune,Standard,UPI,0
CUST101432,26.0,75650.39,9.0,175.5,2.0,6.65,15.46,36.0,Jaipur,Standard,UPI,0
CUST100054,61.0,43895.87,14.0,68.71,2.0,10.0,11.31,24.0,Delhi,Basic,UPI,0
CUST100175,37.0,41598.38,15.0,43.91,1.0,6.24,21.69,12.0,Delhi,Standard,UPI,0
CUST100005,25.0,147424.01,14.0,122.75,4.0,7.52,19.09,24.0,Pune,Standard,UPI,0
CUST101308,27.0,44144.32,8.0,109.8,1.0,8.02,23.68,12.0,Delhi,Premium,Card,0
CUST100547,53.0,39551.12,4.0,104.22,1.0,4.87,5.56,36.0,Hyderabad,Premium,Card,1
CUST101047,52.0,78771.21,0.0,54.23,4.0,7.68,13.39,6.0,Pune,Standard,UPI,0
CUST100855,20.0,45396.77,6.0,84.97,1.0,7.26,13.5,24.0,Hyderabad,Basic,NetBanking,0
CUST100851,21.0,78440.3,13.0,112.95,2.0,5.89,28.97,36.0,Hyderabad,Basic,Card,0
CUST100401,63.0,71379.72,11.0,106.51,1.0,4.84,18.22,12.0,Bengaluru,Premium,UPI,0
CUST100864,59.0,63038.05,6.0,61.7,3.0,5.82,21.04,12.0,Hyderabad,Standard,Card,0
CUST100539,43.0,31610.34,3.0,86.54,3.0,6.76,10.62,24.0,Jaipur,Basic,Card,1
CUST100360,49.0,32320.64,2.0,60.5,1.0,5.52,19.54,24.0,Hyderabad,Standard,NetBanking,0
CUST100465,29.0,47477.54,1.0,90.63,2.0,4.38,20.87,6.0,Jaipur,Standard,UPI,0
CUST101306,35.0,64887.7,6.0,20.88,0.0,5.66,23.53,6.0,Hyderabad,Basic,NetBanking,1
CUST100024,38.0,18917.85,6.0,79.64,5.0,6.2,24.69,24.0,Bengaluru,Basic,Card,1
CUST101353,19.0,44707.9,14.0,108.55,4.0,6.5,27.2,12.0,Pune,Basic,NetBanking,0
CUST100674,49.0,72380.95,2.0,111.24,3.0,7.15,31.51,12.0,Delhi,Basic,UPI,0
CUST101358,39.0,34572.57,9.0,108.14,3.0,6.88,17.69,12.0,Delhi,Premium,Card,0
CUST101378,54.0,59689.78,14.0,51.31,1.0,7.21,18.1,12.0,Delhi,Standard,Wallet,0
CUST100827,27.0,36886.37,2.0,77.95,2.0,6.53,11.81,36.0,Pune,Standard,Wallet,0
CUST100549,38.0,68588.13,4.0,112.25,1.0,7.8,22.76,24.0,Jaipur,Standard,UPI,0
CUST100252,57.0,105348.45,0.0,56.25,1.0,8.33,20.53,12.0,Delhi,Basic,NetBanking,0
CUST101199,27.0,51724.51,5.0,108.28,2.0,7.0,22.55,24.0,Hyderabad,Standard,Wallet,0
CUST100178,45.0,36489.54,7.0,36.01,0.0,6.71,19.06,1.0,Hyderabad,Standard,Card,1
CUST101026,37.0,147957.84,8.0,142.52,0.0,5.78,26.26,12.0,Bengaluru,Basic,UPI,0
CUST101063,31.0,147408.04,3.0,64.65,2.0,6.58,23.0,24.0,Jaipur,Standard,NetBanking,0
CUST101464,36.0,164484.62,13.0,32.73,0.0,6.23,28.55,24.0,Mumbai,Standard,UPI,0
CUST101389,44.0,17142.96,7.0,137.59,3.0,8.63,18.91,24.0,Mumbai,Premium,Card,0
CUST100817,55.0,112121.99,9.0,49.36,2.0,6.14,17.92,12.0,Delhi,Standard,Card,0
CUST100763,55.0,44311.41,13.0,57.54,1.0,8.68,20.95,12.0,Bengaluru,Basic,UPI,1
CUST100104,28.0,36981.61,3.0,72.5,0.0,5.4,12.81,12.0,Bengaluru,Standard,NetBanking,1
CUST100979,19.0,50602.9,1.0,81.02,0.0,4.92,9.4,24.0,Jaipur,Standard,Card,0
CUST101164,60.0,25450.5,2.0,45.07,3.0,7.46,5.88,36.0,Hyderabad,Premium,Card,1
CUST100416,59.0,33114.0,11.0,126.49,0.0,9.01,21.79,12.0,Hyderabad,Basic,UPI,0
CUST100938,42.0,36916.96,10.0,89.57,3.0,8.51,18.95,24.0,Pune,Basic,Card,0
CUST101204,43.0,73234.39,6.0,52.84,2.0,8.37,26.77,1.0,Hyderabad,Basic,NetBanking,0
CUST101362,43.0,56564.14,5.0,120.16,3.0,5.67,23.34,1.0,Bengaluru,Standard,Card,1
CUST100686,35.0,57095.16,7.0,110.73,0.0,5.36,11.17,6.0,Jaipur,Standard,UPI,1
CUST100700,33.0,46822.34,3.0,113.1,0.0,6.12,16.56,12.0,Delhi,Basic,Wallet,0
CUST100053,24.0,51916.57,9.0,63.58,3.0,8.68,18.92,36.0,Mumbai,Standard,UPI,0
CUST100316,20.0,43585.72,14.0,135.31,1.0,6.62,11.6,1.0,Pune,Standard,UPI,0
CUST101033,32.0,79152.52,5.0,55.59,3.0,6.62,12.65,1.0,Pune,Premium,UPI,0
CUST101233,39.0,35637.58,9.0,94.71,2.0,7.82,24.82,12.0,Bengaluru,Standard,Wallet,0
CUST100678,33.0,89336.71,12.0,89.98,3.0,5.13,15.28,24.0,Mumbai,Premium,Card,0
CUST101193,57.0,142107.42,9.0,121.56,2.0,9.34,25.09,24.0,Mumbai,Basic,NetBanking,0
CUST100708,53.0,63047.18,1.0,86.61,2.0,6.16,7.28,6.0,Hyderabad,Premium,Wallet,0
CUST101420,22.0,28468.57,4.0,76.43,1.0,5.02,23.18,1.0,Bengaluru,Premium,UPI,1
CUST100603,59.0,18394.97,12.0,122.16,5.0,6.12,23.05,12.0,Hyderabad,Standard,Card,1
CUST100023,19.0,33615.47,9.0,134.81,0.0,7.09,11.14,24.0,Bengaluru,Basic,Wallet,0
CUST101313,36.0,39013.83,14.0,35.91,4.0,6.65,10.25,24.0,Delhi,Premium,NetBanking,0
CUST100470,46.0,65363.15,3.0,75.0,3.0,8.07,31.59,24.0,Delhi,Standard,Card,0
CUST100501,21.0,65053.48,0.0,132.33,0.0,5.52,14.53,36.0,Pune,Basic,NetBanking,0
CUST100198,49.0,162936.48,13.0,111.07,1.0,8.37,35.0,24.0,Pune,Premium,UPI,0
CUST101207,19.0,38563.64,14.0,98.42,1.0,9.06,14.95,36.0,Mumbai,Standard,UPI,0
CUST101348,34.0,63674.07,14.0,152.89,2.0,10.0,26.32,12.0,Jaipur,Basic,NetBanking,0
CUST100623,30.0,53220.95,7.0,95.02,1.0,8.92,18.24,12.0,Hyderabad,Premium,Card,0
CUST100878,44.0,37690.64,14.0,108.85,6.0,4.39,19.5,24.0,Hyderabad,Standard,Card,1
CUST100450,18.0,60326.78,13.0,89.11,3.0,4.86,31.77,12.0,Delhi,Standard,UPI,0
CUST100602,62.0,71253.9,0.0,74.8,2.0,5.45,28.33,24.0,Bengaluru,Basic,Wallet,0
CUST101451,47.0,74593.63,15.0,98.03,3.0,5.99,12.26,1.0,Delhi,Standard,Wallet,0
CUST101169,21.0,34704.89,7.0,53.2,4.0,6.81,21.06,36.0,Delhi,Basic,UPI,0
CUST100059,34.0,169541.44,3.0,101.42,0.0,8.55,26.22,6.0,Delhi,Basic,UPI,0
CUST100945,25.0,42784.85,11.0,85.62,0.0,8.66,19.75,12.0,Bengaluru,Premium,Wallet,0
CUST100757,23.0,56520.71,8.0,21.07,1.0,6.42,13.05,24.0,Jaipur,Standard,UPI,0
CUST100472,45.0,48441.26,2.0,136.52,0.0,7.79,19.38,6.0,Jaipur,Standard,UPI,0
CUST100429,62.0,74252.72,14.0,56.84,2.0,5.96,18.26,36.0,Pune,Premium,Card,0
CUST100609,40.0,96269.2,0.0,65.34,2.0,8.36,24.52,1.0,Hyderabad,Basic,NetBanking,0
CUST101138,53.0,34762.2,0.0,53.19,4.0,7.21,22.75,12.0,Pune,Standard,UPI,0
CUST101016,23.0,87398.93,6.0,57.49,2.0,6.01,25.92,6.0,Hyderabad,Standard,Wallet,0
CUST100884,47.0,115100.33,2.0,140.78,2.0,5.99,18.91,12.0,Hyderabad,Standard,UPI,1
CUST101307,24.0,52364.79,7.0,115.12,2.0,7.48,9.01,1.0,Bengaluru,Basic,UPI,0
CUST100672,61.0,77759.63,13.0,175.0,3.0,7.48,25.39,12.0,Jaipur,Basic,Card,0
CUST100642,62.0,91679.74,8.0,80.81,1.0,8.34,13.8,12.0,Pune,Premium,Card,0
CUST100066,21.0,40758.36,7.0,78.6,2.0,6.21,11.52,24.0,Delhi,Standard,Card,1
CUST100202,29.0,67775.03,9.0,27.54,3.0,5.46,24.61,12.0,Pune,Standard,UPI,0
CUST100179,42.0,54653.68,3.0,168.56,2.0,5.16,8.27,24.0,Jaipur,Basic,Card,0
CUST101060,54.0,88267.37,11.0,146.24,2.0,8.28,19.73,12.0,Bengaluru,Basic,UPI,0
CUST100749,42.0,16215.78,1.0,74.84,1.0,9.39,26.69,6.0,Delhi,Standard,UPI,0
CUST100001,56.0,73916.1,4.0,50.9,2.0,8.78,7.06,6.0,Jaipur,Standard,UPI,0
CUST100946,57.0,25684.29,15.0,66.93,1.0,5.9,24.46,12.0,Mumbai,Basic,Card,1
CUST100615,29.0,40435.82,15.0,77.66,1.0,10.0,18.5,12.0,Jaipur,Basic,Wallet,0
CUST101280,20.0,47509.03,1.0,92.18,2.0,9.69,14.38,12.0,Pune,Premium,UPI,0
CUST100136,20.0,76427.97,10.0,60.58,2.0,4.72,24.07,12.0,Jaipur,Basic,Card,0
CUST100810,55.0,60819.67,7.0,72.72,5.0,6.86,16.64,12.0,Hyderabad,Standard,UPI,0
CUST100667,45.0,50752.39,11.0,108.23,2.0,5.38,10.33,12.0,Hyderabad,Premium,Card,0
CUST100709,43.0,76535.19,12.0,61.74,3.0,6.63,17.89,12.0,Delhi,Standard,Card,0
CUST100819,41.0,64603.21,10.0,98.74,0.0,8.02,22.0,12.0,Bengaluru,Premium,UPI,0
CUST101198,26.0,78582.81,15.0,48.03,3.0,10.0,14.72,12.0,Mumbai,Basic,Card,0
CUST101142,22.0,53799.71,13.0,52.8,3.0,8.32,24.33,24.0,Delhi,Basic,NetBanking,0
CUST100188,23.0,35406.24,9.0,140.73,1.0,8.96,11.98,1.0,Bengaluru,Basic,NetBanking,0
CUST100281,33.0,30689.1,13.0,29.06,1.0,6.76,18.46,1.0,Bengaluru,Standard,UPI,0
CUST101349,34.0,74102.53,4.0,97.03,2.0,10.0,14.7,36.0,Delhi,Standard,UPI,0
CUST101110,50.0,58138.68,4.0,88.79,1.0,8.33,12.71,36.0,Mumbai,Standard,NetBanking,0
CUST100271,65.0,38947.1,10.0,94.54,5.0,4.32,21.54,24.0,Hyderabad,Basic,Card,1
CUST100841,28.0,35974.52,2.0,97.36,2.0,6.68,19.57,36.0,Jaipur,Basic,NetBanking,0
CUST100122,40.0,119554.28,15.0,127.04,5.0,5.39,10.23,12.0,Mumbai,Standard,Wallet,0
CUST100120,50.0,129955.91,2.0,59.88,1.0,6.93,7.46,36.0,Delhi,Standard,UPI,0
CUST100924,56.0,40203.11,9.0,84.0,2.0,6.74,22.97,24.0,Bengaluru,Standard,Card,0
CUST100905,31.0,43856.28,1.0,120.03,0.0,9.31,22.21,24.0,Bengaluru,Standard,Card,0
CUST100886,65.0,66486.32,4.0,61.79,5.0,7.79,18.05,1.0,Mumbai,Standard,UPI,1
CUST100121,65.0,90376.41,1.0,131.55,3.0,5.66,18.13,12.0,Pune,Basic,Card,1
CUST100306,53.0,21494.2,0.0,68.38,1.0,6.31,17.22,12.0,Bengaluru,Premium,NetBanking,1
CUST100639,34.0,53876.09,13.0,111.0,3.0,8.87,20.37,6.0,Delhi,Basic,Card,0
CUST100336,64.0,77699.55,3.0,57.77,3.0,6.39,13.18,24.0,Mumbai,Standard,UPI,0
CUST100898,45.0,34966.16,7.0,57.27,0.0,7.78,15.67,36.0,Hyderabad,Premium,NetBanking,0
CUST101200,43.0,26557.39,14.0,47.89,7.0,7.47,12.7,1.0,Jaipur,Standard,NetBanking,1
CUST100212,54.0,88393.35,9.0,56.7,4.0,4.52,17.64,1.0,Mumbai,Basic,UPI,1
CUST100042,56.0,49153.8,14.0,72.63,5.0,7.9,23.81,24.0,Delhi,Basic,Card,0
CUST101338,52.0,162495.95,2.0,165.13,3.0,3.37,22.8,12.0,Bengaluru,Basic,NetBanking,1
CUST100983,21.0,42698.22,8.0,109.75,3.0,6.33,25.76,24.0,Delhi,Standard,NetBanking,0
CUST100701,25.0,46064.45,14.0,78.95,4.0,10.0,2.38,1.0,Bengaluru,Premium,Card,0
CUST101346,40.0,100917.81,14.0,113.1,4.0,8.29,14.04,24.0,Jaipur,Basic,NetBanking,0
CUST101136,48.0,62145.15,6.0,133.76,2.0,7.8,10.94,36.0,Hyderabad,Basic,Card,0
CUST101286,20.0,45243.02,8.0,64.19,2.0,6.97,20.22,24.0,Bengaluru,Standard,Card,0
CUST100043,35.0,35811.77,0.0,76.13,0.0,6.69,24.35,24.0,Jaipur,Basic,NetBanking,0
CUST100312,65.0,42102.48,2.0,63.91,3.0,5.26,16.98,12.0,Mumbai,Basic,Card,1
CUST100285,50.0,107763.93,0.0,68.51,5.0,7.43,24.77,24.0,Pune,Premium,UPI,0
CUST100658,45.0,70015.78,7.0,183.92,6.0,5.97,20.27,36.0,Bengaluru,Standard,NetBanking,0
CUST100993,62.0,28631.65,11.0,108.4,2.0,5.3,11.51,12.0,Delhi,Basic,NetBanking,1
CUST100119,51.0,42240.8,6.0,40.74,2.0,6.51,16.46,12.0,Bengaluru,Premium,Card,0
CUST100540,51.0,48919.69,14.0,83.67,5.0,7.61,21.59,24.0,Mumbai,Basic,UPI,1
CUST100303,52.0,58788.57,5.0,55.71,2.0,7.01,24.12,6.0,Bengaluru,Basic,UPI,1
CUST100297,42.0,36996.93,8.0,24.61,1.0,7.3,9.98,36.0,Bengaluru,Standard,Card,0
CUST100717,34.0,88921.4,9.0,133.96,3.0,9.98,20.61,24.0,Hyderabad,Premium,UPI,0
CUST100906,24.0,105333.52,1.0,90.29,1.0,9.14,16.11,36.0,Mumbai,Premium,Card,0
CUST100328,25.0,83620.39,7.0,135.27,1.0,9.28,26.07,12.0,Pune,Basic,Card,0
CUST100999,36.0,80616.69,4.0,60.37,2.0,7.09,16.67,24.0,Jaipur,Basic,UPI,0
CUST100100,18.0,81073.13,10.0,129.32,1.0,7.01,15.22,1.0,Pune,Basic,UPI,0
CUST101480,58.0,61171.4,12.0,47.96,4.0,6.72,11.83,12.0,Pune,Basic,UPI,0
CUST100485,53.0,32681.06,12.0,43.14,6.0,6.2,18.82,12.0,Jaipur,Basic,Card,0
CUST100783,51.0,67224.2,9.0,28.42,2.0,8.23,9.42,12.0,Jaipur,Standard,UPI,1
CUST100525,46.0,61324.12,15.0,114.63,3.0,6.51,4.44,12.0,Pune,Basic,UPI,0
CUST101390,57.0,53801.37,7.0,88.61,3.0,8.37,29.03,36.0,Delhi,Premium,NetBanking,0
CUST100235,50.0,176697.7,3.0,35.69,2.0,7.34,8.75,36.0,Delhi,Basic,Card,0
CUST100534,43.0,41955.96,4.0,68.55,1.0,8.06,25.45,12.0,Jaipur,Premium,Wallet,0
CUST101019,40.0,46417.91,7.0,41.73,1.0,7.32,12.75,24.0,Bengaluru,Basic,NetBanking,0
CUST101093,20.0,26682.86,0.0,28.03,3.0,9.21,20.93,24.0,Pune,Premium,UPI,0
CUST100891,25.0,78680.83,15.0,184.57,0.0,8.93,21.94,6.0,Pune,Standard,Wallet,0
CUST100774,26.0,49436.23,12.0,64.15,6.0,5.8,18.68,12.0,Delhi,Basic,UPI,0
CUST100769,27.0,22891.92,2.0,130.29,3.0,4.22,16.89,1.0,Mumbai,Basic,Card,0
CUST100417,23.0,44975.47,5.0,59.48,1.0,7.91,29.91,1.0,Delhi,Standard,UPI,0
CUST100971,20.0,76296.5,2.0,102.6,5.0,7.21,26.08,24.0,Mumbai,Standard,Card,0
CUST101195,38.0,119538.2,3.0,134.37,4.0,9.31,16.46,12.0,Delhi,Premium,Wallet,0
CUST101437,57.0,83441.28,15.0,70.54,4.0,7.18,8.41,24.0,Pune,Basic,UPI,1
CUST101069,42.0,71301.0,9.0,49.91,3.0,7.9,11.52,24.0,Pune,Basic,Card,0
CUST100081,57.0,127304.85,0.0,59.36,3.0,6.72,14.24,12.0,Delhi,Premium,Card,0
CUST101321,64.0,37575.71,2.0,119.62,1.0,7.58,18.59,24.0,Pune,Standard,UPI,0
CUST101332,54.0,92415.11,7.0,68.64,1.0,5.54,9.45,1.0,Bengaluru,Premium,UPI,1
CUST100987,55.0,84820.24,6.0,82.16,2.0,7.49,30.92,12.0,Mumbai,Basic,UPI,0
CUST100626,26.0,34830.28,6.0,103.08,1.0,3.58,7.97,12.0,Hyderabad,Basic,Card,1
CUST100469,39.0,54506.76,14.0,30.47,3.0,7.67,16.66,12.0,Delhi,Standard,UPI,0
CUST101460,64.0,96432.98,8.0,93.26,1.0,7.35,13.78,36.0,Pune,Premium,UPI,0
CUST101459,27.0,14748.14,8.0,111.59,3.0,7.71,30.97,36.0,Jaipur,Premium,UPI,0
CUST100070,61.0,24890.71,13.0,106.74,1.0,6.6,9.16,24.0,Mumbai,Basic,NetBanking,1
CUST101418,41.0,28552.83,12.0,70.9,3.0,7.89,11.61,24.0,Mumbai,Standard,UPI,1
CUST100108,52.0,47411.82,6.0,76.59,3.0,8.55,24.62,12.0,Bengaluru,Premium,UPI,0
CUST101271,51.0,35129.06,11.0,108.91,4.0,8.38,19.34,12.0,Mumbai,Standard,UPI,0
CUST101364,62.0,90795.53,12.0,85.96,3.0,6.32,29.78,12.0,Mumbai,Standard,UPI,0
CUST101316,53.0,29911.15,11.0,53.69,1.0,9.26,20.52,24.0,Bengaluru,Premium,UPI,0
CUST100729,35.0,36566.27,3.0,61.29,0.0,7.21,16.16,36.0,Delhi,Basic,UPI,0
CUST100363,20.0,87132.65,0.0,71.86,2.0,7.12,19.2,24.0,Delhi,Premium,Wallet,0
CUST100777,62.0,92688.02,11.0,114.67,1.0,7.47,19.36,24.0,Hyderabad,Standard,UPI,0
CUST100580,53.0,69908.66,5.0,120.25,3.0,8.78,24.51,36.0,Jaipur,Premium,UPI,0
CUST100319,65.0,60133.28,14.0,74.2,0.0,4.56,23.21,12.0,Bengaluru,Basic,Wallet,1
CUST100689,31.0,77910.28,15.0,35.01,4.0,7.65,14.26,36.0,Mumbai,Standard,Card,0
CUST101038,48.0,47680.75,3.0,80.47,4.0,7.5,23.71,12.0,Jaipur,Standard,UPI,1
CUST100821,47.0,43967.85,15.0,57.66,1.0,8.04,12.67,36.0,Jaipur,Standard,UPI,1
CUST101486,33.0,44631.22,5.0,60.52,2.0,5.63,18.61,1.0,Delhi,Standard,UPI,0
CUST100369,57.0,83081.0,6.0,54.75,1.0,5.5,15.61,24.0,Bengaluru,Basic,UPI,0
CUST100044,21.0,48595.33,11.0,61.47,7.0,5.88,25.41,12.0,Jaipur,Basic,NetBanking,0
CUST100861,22.0,37361.1,14.0,80.24,1.0,7.88,16.91,1.0,Delhi,Standard,Card,0
CUST100257,28.0,50267.58,10.0,57.59,2.0,9.03,18.49,24.0,Bengaluru,Premium,Card,0
CUST100704,41.0,26043.22,8.0,86.54,1.0,6.64,17.14,12.0,Pune,Standard,Card,1
CUST100994,61.0,47693.46,4.0,58.9,2.0,8.04,6.91,12.0,Bengaluru,Standard,NetBanking,0
CUST101424,42.0,40642.24,6.0,171.47,2.0,6.59,15.7,24.0,Delhi,Standard,UPI,1
CUST100176,47.0,66943.87,5.0,60.95,0.0,8.96,16.67,1.0,Mumbai,Standard,UPI,0
CUST101205,28.0,48508.27,5.0,117.22,3.0,4.62,17.2,24.0,Jaipur,Basic,Wallet,0
CUST100926,43.0,68729.53,12.0,71.53,2.0,9.04,17.13,24.0,Hyderabad,Standard,UPI,0
CUST100970,26.0,65513.57,9.0,67.34,1.0,7.21,11.42,6.0,Delhi,Standard,UPI,0
CUST100853,20.0,55680.41,10.0,48.17,6.0,4.08,18.29,24.0,Hyderabad,Standard,UPI,0
CUST100882,39.0,59147.63,4.0,52.88,2.0,8.67,3.93,12.0,Bengaluru,Premium,Card,0
CUST101279,18.0,83724.86,15.0,63.65,2.0,6.53,20.86,36.0,Mumbai,Basic,Card,0
CUST100553,26.0,45272.22,13.0,82.39,1.0,7.37,30.16,24.0,Hyderabad,Basic,Card,1
CUST100364,35.0,20568.56,10.0,82.31,4.0,5.48,18.95,6.0,Pune,Standard,Card,0
CUST100711,45.0,54507.82,5.0,72.26,2.0,7.86,18.45,12.0,Bengaluru,Premium,NetBanking,0
CUST100795,47.0,61253.56,4.0,124.74,1.0,5.48,18.2,24.0,Delhi,Standard,UPI,0
CUST100528,48.0,44737.08,8.0,107.97,0.0,6.4,11.93,1.0,Delhi,Basic,Card,0
CUST101089,57.0,52242.88,12.0,88.8,2.0,4.26,25.45,1.0,Jaipur,Standard,Card,1
CUST101258,47.0,41823.96,0.0,111.7,2.0,6.09,8.36,12.0,Bengaluru,Standard,UPI,0
CUST101076,49.0,21224.78,5.0,40.9,1.0,6.75,14.6,12.0,Mumbai,Basic,NetBanking,1
CUST100552,54.0,76392.47,1.0,70.43,3.0,7.04,8.13,24.0,Delhi,Standard,UPI,0
CUST100879,26.0,58423.4,5.0,120.81,2.0,7.28,16.23,24.0,Pune,Basic,UPI,0
CUST101351,26.0,80008.9,3.0,178.94,2.0,9.54,22.05,36.0,Hyderabad,Premium,Card,0
CUST101395,27.0,37986.81,12.0,91.46,4.0,5.47,17.91,36.0,Jaipur,Premium,Card,0
CUST100207,34.0,73696.84,0.0,29.58,2.0,5.17,9.79,1.0,Bengaluru,Standard,UPI,0
CUST100438,47.0,48631.64,15.0,65.66,1.0,6.02,12.77,36.0,Delhi,Standard,UPI,1
CUST100496,36.0,95162.41,15.0,56.8,3.0,9.65,18.78,6.0,Mumbai,Premium,UPI,0
CUST101125,32.0,73062.02,8.0,151.63,1.0,6.24,12.75,36.0,Delhi,Standard,NetBanking,0
CUST100771,34.0,89062.58,2.0,148.75,2.0,7.72,14.59,24.0,Bengaluru,Basic,UPI,0
CUST100133,54.0,80051.63,11.0,99.21,3.0,6.32,14.68,6.0,Delhi,Standard,UPI,1
CUST100497,49.0,17735.46,4.0,97.89,3.0,6.97,15.95,24.0,Bengaluru,Standard,Card,0
CUST100288,25.0,123143.2,3.0,32.99,1.0,9.87,19.55,6.0,Hyderabad,Standard,Card,0
CUST101357,26.0,66994.15,4.0,131.88,0.0,9.38,21.53,24.0,Delhi,Basic,NetBanking,0
CUST100381,34.0,166073.83,2.0,45.19,1.0,6.55,17.71,36.0,Jaipur,Standard,UPI,0
CUST100063,19.0,24130.25,10.0,94.82,1.0,8.45,18.43,6.0,Pune,Basic,NetBanking,0
CUST100406,32.0,61977.1,8.0,91.26,3.0,9.19,21.35,36.0,Delhi,Standard,UPI,0
CUST100348,63.0,90715.45,14.0,47.9,1.0,7.79,29.36,24.0,Hyderabad,Premium,UPI,0
CUST100218,61.0,22387.4,11.0,148.08,2.0,6.43,11.33,1.0,Hyderabad,Basic,UPI,1
CUST101421,50.0,151846.68,13.0,96.23,2.0,9.42,16.77,12.0,Hyderabad,Premium,NetBanking,0
CUST100620,55.0,71219.88,12.0,69.85,2.0,8.22,23.33,24.0,Hyderabad,Basic,UPI,0
CUST100917,32.0,49407.78,11.0,100.72,1.0,7.51,16.04,24.0,Delhi,Basic,UPI,0
CUST100925,39.0,80388.38,2.0,87.87,0.0,8.8,10.93,12.0,Bengaluru,Premium,UPI,0
CUST101303,31.0,49039.61,5.0,144.66,0.0,9.17,26.27,24.0,Bengaluru,Basic,NetBanking,0
CUST101302,38.0,94182.5,14.0,184.25,2.0,4.59,21.96,6.0,Jaipur,Premium,Card,0
CUST101404,18.0,27434.21,1.0,109.54,0.0,5.94,19.96,36.0,Pune,Premium,Wallet,0
CUST100020,61.0,118918.87,0.0,115.47,2.0,4.15,14.16,24.0,Mumbai,Standard,Card,0
CUST101405,53.0,70836.59,5.0,99.01,4.0,7.61,16.96,1.0,Hyderabad,Basic,UPI,1
CUST100825,46.0,64883.13,1.0,93.85,0.0,9.06,17.73,6.0,Bengaluru,Basic,Card,1
CUST100564,49.0,101776.47,13.0,16.01,2.0,6.93,11.11,6.0,Mumbai,Standard,NetBanking,0
CUST100767,54.0,58288.94,3.0,74.91,2.0,9.83,17.77,36.0,Jaipur,Standard,UPI,0
CUST100388,46.0,99366.42,13.0,189.04,5.0,6.74,14.51,24.0,Bengaluru,Standard,Wallet,0
CUST100963,42.0,47006.7,9.0,151.87,7.0,7.96,22.48,12.0,Bengaluru,Standard,Card,0
CUST100616,26.0,75688.28,0.0,155.41,2.0,6.75,15.54,36.0,Mumbai,Basic,Card,0
CUST101094,24.0,36687.23,15.0,77.36,1.0,9.0,13.81,36.0,Mumbai,Premium,Wallet,0
CUST100676,64.0,50324.39,1.0,95.82,3.0,6.59,17.81,24.0,Bengaluru,Premium,Card,1
CUST100694,33.0,12171.64,5.0,28.13,1.0,7.86,25.42,24.0,Delhi,Basic,NetBanking,0
CUST101049,57.0,42553.73,13.0,83.48,3.0,4.81,29.51,36.0,Jaipur,Standard,UPI,1
CUST100902,19.0,66823.92,7.0,50.68,1.0,9.2,28.63,6.0,Delhi,Basic,UPI,0
CUST100715,53.0,35190.6,12.0,69.89,4.0,8.91,20.55,6.0,Bengaluru,Standard,UPI,0
CUST100967,47.0,71399.6,4.0,54.34,2.0,4.78,9.17,12.0,Mumbai,Standard,Card,1
CUST101054,58.0,41094.47,15.0,70.08,3.0,7.28,20.71,1.0,Mumbai,Standard,Card,0
CUST101179,57.0,94988.38,12.0,93.35,2.0,10.0,17.66,6.0,Delhi,Basic,NetBanking,0
CUST101269,36.0,85603.01,8.0,38.6,2.0,8.17,17.14,12.0,Bengaluru,Standard,UPI,0
CUST100533,34.0,42698.47,14.0,110.79,0.0,8.44,16.88,36.0,Bengaluru,Basic,Card,0
CUST101131,21.0,119201.57,13.0,131.06,2.0,7.83,15.74,12.0,Bengaluru,Standard,UPI,0
CUST100596,42.0,48994.29,2.0,36.19,3.0,5.37,17.95,12.0,Delhi,Premium,NetBanking,0
CUST101071,57.0,31100.71,12.0,80.83,1.0,5.54,18.75,12.0,Mumbai,Basic,NetBanking,1
CUST100521,57.0,53522.33,6.0,65.4,2.0,9.8,20.92,24.0,Pune,Standard,NetBanking,1
CUST100414,39.0,74722.85,10.0,55.63,2.0,6.81,9.81,24.0,Jaipur,Standard,NetBanking,0
CUST100093,32.0,36220.02,15.0,78.86,0.0,6.07,24.54,6.0,Bengaluru,Standard,Card,0
CUST101297,63.0,62715.7,12.0,66.73,3.0,8.74,5.97,12.0,Pune,Basic,UPI,1
CUST101456,54.0,76891.55,0.0,62.5,4.0,8.62,15.01,12.0,Jaipur,Premium,NetBanking,0
CUST100908,64.0,60725.55,10.0,55.54,1.0,6.99,22.21,6.0,Jaipur,Premium,UPI,0
CUST101118,55.0,57153.6,3.0,69.89,0.0,9.16,17.33,24.0,Delhi,Standard,UPI,0
CUST101015,50.0,32077.36,10.0,79.11,1.0,5.78,19.92,6.0,Bengaluru,Standard,UPI,0
CUST101104,53.0,59004.74,12.0,50.44,1.0,9.48,21.44,12.0,Hyderabad,Basic,Card,0
CUST101430,60.0,76943.61,8.0,37.75,1.0,9.34,14.02,12.0,Hyderabad,Standard,Card,0
CUST101360,42.0,36703.32,6.0,86.33,3.0,8.56,12.17,1.0,Delhi,Basic,Card,1
CUST100901,41.0,47282.6,6.0,67.76,3.0,6.47,12.65,36.0,Jaipur,Basic,UPI,1
CUST101246,62.0,34243.57,2.0,77.27,5.0,7.52,15.85,12.0,Pune,Standard,NetBanking,1
CUST100502,33.0,135396.68,9.0,85.32,3.0,5.68,10.51,1.0,Bengaluru,Standard,Card,0
CUST100838,60.0,48865.94,14.0,115.22,1.0,6.56,12.03,6.0,Hyderabad,Basic,Wallet,0
CUST100571,58.0,52053.76,1.0,102.41,4.0,8.24,25.72,36.0,Hyderabad,Standard,UPI,0
CUST101499,25.0,36281.55,2.0,87.59,2.0,6.38,29.6,24.0,Pune,Premium,Card,0
CUST101329,29.0,69496.22,5.0,77.1,2.0,7.28,22.21,12.0,Hyderabad,Basic,UPI,0
CUST101113,42.0,88706.98,15.0,71.51,2.0,7.97,16.39,24.0,Jaipur,Basic,NetBanking,0
CUST100555,52.0,31017.83,5.0,216.2,3.0,7.06,18.81,36.0,Delhi,Standard,Card,1
CUST101042,28.0,57969.93,11.0,107.74,0.0,7.63,17.98,24.0,Mumbai,Standard,UPI,0
CUST101156,43.0,84597.81,5.0,101.2,1.0,7.77,17.49,24.0,Jaipur,Basic,UPI,1
CUST100883,64.0,42016.72,15.0,90.42,5.0,5.45,23.22,6.0,Delhi,Basic,UPI,1
CUST100873,63.0,31215.16,0.0,77.98,5.0,6.76,14.86,24.0,Hyderabad,Premium,UPI,0
CUST101103,44.0,55355.65,15.0,84.94,1.0,6.19,18.86,1.0,Jaipur,Standard,UPI,0
CUST100788,43.0,51842.06,2.0,31.47,1.0,6.31,13.91,36.0,Bengaluru,Standard,NetBanking,0
CUST100653,36.0,43131.96,15.0,53.66,2.0,10.0,20.52,12.0,Mumbai,Premium,UPI,0
CUST100522,27.0,34263.15,0.0,69.98,2.0,10.0,12.43,24.0,Pune,Standard,UPI,1
CUST100806,28.0,91012.92,7.0,99.68,3.0,7.92,8.1,12.0,Delhi,Basic,UPI,0
CUST100644,53.0,70428.42,12.0,124.58,2.0,6.49,26.83,12.0,Delhi,Standard,UPI,1
CUST100480,43.0,63967.76,7.0,135.82,1.0,7.45,20.1,24.0,Delhi,Standard,Card,0
CUST100662,58.0,44003.52,8.0,78.95,1.0,5.61,14.07,1.0,Bengaluru,Standard,UPI,0
CUST100857,46.0,101247.53,9.0,35.08,6.0,6.32,8.19,36.0,Mumbai,Standard,Card,0
CUST100659,37.0,45442.31,7.0,48.77,6.0,4.87,20.55,12.0,Hyderabad,Standard,NetBanking,0
CUST101187,42.0,41623.99,3.0,122.28,2.0,7.08,12.89,36.0,Mumbai,Premium,UPI,0
CUST100274,54.0,86084.56,15.0,40.67,3.0,6.64,19.39,12.0,Jaipur,Basic,NetBanking,1
CUST101496,24.0,154858.41,8.0,122.13,1.0,9.96,14.98,6.0,Hyderabad,Standard,Card,0
CUST100354,46.0,34304.62,15.0,48.13,5.0,8.59,23.89,12.0,Bengaluru,Basic,NetBanking,0
CUST100196,41.0,70742.38,4.0,56.51,4.0,8.37,13.38,36.0,Pune,Premium,Card,0
CUST100866,38.0,41680.52,5.0,89.3,4.0,9.51,10.41,24.0,Jaipur,Standard,Card,0
CUST100491,22.0,59999.25,12.0,93.81,1.0,6.83,19.85,36.0,Mumbai,Standard,Card,0
CUST100943,51.0,96035.47,13.0,89.17,3.0,7.56,24.86,24.0,Mumbai,Standard,NetBanking,0
CUST101168,65.0,102824.7,7.0,106.49,1.0,4.07,11.18,1.0,Mumbai,Basic,NetBanking,1
CUST100329,44.0,47313.93,11.0,60.69,1.0,4.32,14.6,24.0,Bengaluru,Standard,UPI,1
CUST100004,60.0,40800.79,0.0,169.13,1.0,8.61,19.79,24.0,Mumbai,Basic,Card,1
CUST100698,27.0,72667.91,8.0,144.17,1.0,7.08,19.85,36.0,Bengaluru,Basic,UPI,1
CUST100441,36.0,91482.68,10.0,61.52,2.0,7.74,19.94,12.0,Mumbai,Premium,Card,0
CUST100031,59.0,48788.29,8.0,81.82,3.0,7.68,15.99,24.0,Bengaluru,Standard,NetBanking,0
CUST101325,59.0,128303.18,15.0,137.1,1.0,7.4,14.48,1.0,Pune,Premium,UPI,0
CUST100138,22.0,61363.9,10.0,55.51,4.0,9.96,35.0,12.0,Delhi,Standard,UPI,0
CUST101146,57.0,46047.54,10.0,70.94,2.0,6.21,12.98,12.0,Delhi,Premium,UPI,1
CUST100847,33.0,136491.21,15.0,74.07,1.0,5.3,25.04,12.0,Jaipur,Standard,UPI,0
CUST100214,50.0,50175.13,8.0,28.46,3.0,6.56,16.39,6.0,Pune,Standard,Wallet,1
CUST100942,39.0,31013.15,10.0,68.71,2.0,8.07,23.51,36.0,Delhi,Premium,Card,0
CUST100702,55.0,45696.03,11.0,51.67,1.0,8.15,15.68,12.0,Delhi,Standard,Wallet,0
CUST100865,39.0,64891.6,6.0,66.1,2.0,6.55,23.41,6.0,Pune,Basic,Wallet,0
CUST100492,53.0,52668.11,6.0,197.48,2.0,7.57,23.85,24.0,Delhi,Premium,UPI,0
CUST100390,43.0,69298.72,2.0,37.21,0.0,6.2,20.85,6.0,Delhi,Basic,Card,0
CUST100003,32.0,53369.47,0.0,140.3,2.0,7.09,18.28,24.0,Delhi,Standard,Card,1
CUST101175,48.0,150688.92,10.0,98.75,2.0,6.28,16.18,1.0,Pune,Basic,NetBanking,0
CUST101406,43.0,66360.48,1.0,189.29,4.0,7.37,25.39,12.0,Delhi,Standard,UPI,0
CUST100432,64.0,129121.74,10.0,69.93,4.0,7.21,21.69,12.0,Pune,Standard,Card,0
CUST100790,20.0,51083.04,15.0,67.7,0.0,8.02,23.98,36.0,Bengaluru,Premium,UPI,0
CUST100162,30.0,44627.81,14.0,107.51,1.0,9.61,12.8,12.0,Mumbai,Standard,UPI,0
CUST101350,31.0,37245.5,13.0,60.66,2.0,5.96,17.33,1.0,Mumbai,Standard,NetBanking,1
CUST100265,24.0,88101.3,2.0,50.03,4.0,6.95,11.46,6.0,Delhi,Basic,UPI,1
CUST100246,36.0,51949.29,2.0,31.11,0.0,7.73,25.48,12.0,Jaipur,Standard,UPI,0
CUST100716,44.0,56520.71,10.0,80.85,3.0,7.58,28.6,36.0,Jaipur,Standard,Card,0
CUST100607,22.0,41780.63,12.0,90.74,3.0,7.24,17.04,24.0,Bengaluru,Standard,UPI,1
CUST100389,59.0,43128.68,7.0,89.41,0.0,9.74,27.86,6.0,Mumbai,Standard,UPI,0
CUST101171,54.0,33492.01,11.0,171.85,5.0,5.72,23.19,1.0,Bengaluru,Premium,UPI,1
CUST101055,54.0,48141.45,0.0,63.54,2.0,6.6,14.52,24.0,Hyderabad,Standard,Card,0
CUST101020,27.0,71267.05,6.0,62.96,3.0,6.77,11.68,12.0,Bengaluru,Standard,UPI,0
CUST100826,21.0,112387.54,11.0,113.06,0.0,8.02,14.65,24.0,Pune,Basic,Card,0
CUST101208,24.0,44498.71,6.0,118.68,1.0,5.37,10.91,24.0,Jaipur,Basic,Card,0
CUST101145,27.0,59142.17,13.0,60.95,1.0,9.95,10.7,12.0,Delhi,Basic,Card,1
CUST100268,65.0,52727.58,9.0,132.43,2.0,6.76,19.49,24.0,Mumbai,Basic,NetBanking,0
CUST101267,27.0,54913.25,12.0,124.46,5.0,8.13,21.15,12.0,Hyderabad,Standard,UPI,0
CUST100981,45.0,29096.11,12.0,93.59,2.0,6.59,11.71,12.0,Bengaluru,Standard,Card,1
CUST100242,53.0,91599.81,13.0,110.81,3.0,7.95,23.42,6.0,Hyderabad,Standard,Card,0
CUST100601,56.0,89946.41,9.0,84.85,0.0,6.57,21.89,1.0,Mumbai,Basic,UPI,1
CUST100490,27.0,55977.9,8.0,86.1,4.0,3.28,15.82,24.0,Delhi,Standard,NetBanking,0
CUST100870,58.0,70721.11,4.0,125.02,1.0,4.36,7.7,36.0,Delhi,Basic,NetBanking,1
CUST100765,40.0,59477.34,15.0,125.81,2.0,7.63,9.13,36.0,Jaipur,Premium,UPI,0
CUST100342,52.0,92881.9,6.0,33.09,3.0,4.8,18.37,1.0,Hyderabad,Premium,Card,1
CUST101399,38.0,88219.33,11.0,60.32,2.0,6.63,20.29,1.0,Bengaluru,Standard,UPI,1
CUST100171,45.0,82529.38,6.0,71.32,0.0,9.46,16.83,12.0,Mumbai,Standard,Card,0
CUST100915,55.0,42512.56,10.0,39.05,1.0,5.43,9.68,24.0,Hyderabad,Standard,NetBanking,1
CUST101231,58.0,33180.29,14.0,128.83,1.0,6.12,11.81,1.0,Hyderabad,Basic,NetBanking,1
CUST100058,31.0,71129.31,15.0,66.4,2.0,5.5,22.22,24.0,Pune,Basic,UPI,0
CUST100272,29.0,39066.53,5.0,62.01,3.0,7.4,9.0,24.0,Bengaluru,Standard,Card,0
CUST100164,24.0,92471.1,3.0,40.35,2.0,7.66,9.65,12.0,Mumbai,Basic,NetBanking,0
CUST101397,34.0,37744.91,4.0,120.87,5.0,7.05,25.66,1.0,Pune,Premium,UPI,0
CUST100875,31.0,62293.2,7.0,104.48,6.0,6.04,28.76,12.0,Mumbai,Basic,Card,0
CUST100671,23.0,71939.31,6.0,39.91,4.0,7.57,9.16,6.0,Hyderabad,Basic,Card,0
CUST101213,34.0,107113.66,13.0,116.17,1.0,4.18,11.9,24.0,Pune,Basic,UPI,0
CUST100399,18.0,172959.06,6.0,166.76,1.0,6.85,24.96,12.0,Hyderabad,Standard,NetBanking,0
CUST100741,49.0,117504.63,1.0,62.47,3.0,8.76,19.35,12.0,Delhi,Standard,UPI,0
CUST101220,41.0,98248.96,13.0,90.81,3.0,8.09,6.03,12.0,Bengaluru,Basic,Wallet,1
CUST100419,60.0,53049.03,7.0,91.11,1.0,7.36,11.3,24.0,Delhi,Basic,NetBanking,0
CUST101097,32.0,56153.25,6.0,72.9,1.0,5.89,15.63,1.0,Hyderabad,Basic,UPI,0
CUST100948,36.0,40419.0,2.0,181.76,2.0,7.09,15.44,24.0,Bengaluru,Premium,Wallet,1
CUST101465,25.0,41055.04,11.0,74.72,3.0,4.38,26.71,36.0,Jaipur,Standard,UPI,0
CUST100726,63.0,50920.78,10.0,81.06,3.0,5.47,18.53,36.0,Delhi,Standard,Wallet,0
CUST100090,62.0,48737.41,5.0,75.75,3.0,7.59,9.1,6.0,Mumbai,Standard,Card,0
CUST101024,57.0,62032.99,4.0,100.46,1.0,5.99,28.25,12.0,Mumbai,Standard,Card,1
CUST100384,26.0,44327.17,0.0,69.47,5.0,7.21,21.67,6.0,Delhi,Premium,NetBanking,0
CUST101373,53.0,62434.25,0.0,87.05,0.0,4.77,20.14,12.0,Jaipur,Standard,Card,1
CUST100463,46.0,99223.79,11.0,55.95,4.0,5.9,15.33,1.0,Mumbai,Premium,UPI,0
CUST100486,50.0,27530.7,14.0,56.76,0.0,7.77,23.99,36.0,Mumbai,Standard,Card,0
CUST100627,44.0,56023.84,12.0,122.09,0.0,7.57,13.71,36.0,Bengaluru,Basic,NetBanking,0
CUST101090,56.0,51241.48,7.0,104.83,2.0,8.38,26.31,36.0,Bengaluru,Basic,UPI,0
CUST100874,51.0,34925.32,11.0,142.71,3.0,8.39,13.16,12.0,Hyderabad,Basic,Wallet,0
CUST101435,26.0,23041.22,4.0,81.06,1.0,6.52,4.59,24.0,Pune,Standard,UPI,1
CUST100151,49.0,45550.39,0.0,86.76,3.0,10.0,18.53,24.0,Bengaluru,Basic,NetBanking,0
CUST100739,18.0,69242.52,13.0,80.5,1.0,4.37,15.67,12.0,Delhi,Standard,Card,0
CUST100941,64.0,32078.51,5.0,46.61,4.0,5.51,12.63,24.0,Hyderabad,Basic,Card,1
CUST100972,42.0,40606.74,8.0,100.03,3.0,6.37,13.57,36.0,Bengaluru,Standard,UPI,1
CUST100418,32.0,42250.13,9.0,57.77,5.0,10.0,14.36,12.0,Mumbai,Basic,NetBanking,0
CUST100677,38.0,30730.08,8.0,70.74,2.0,5.09,19.52,36.0,Mumbai,Premium,UPI,1
CUST100083,33.0,90378.32,7.0,64.76,2.0,6.2,25.27,36.0,Delhi,Standard,Card,0
CUST101167,53.0,52422.72,8.0,92.55,2.0,7.37,10.58,36.0,Jaipur,Basic,Wallet,0
CUST100482,65.0,166819.68,6.0,51.26,1.0,6.86,22.09,24.0,Pune,Standard,UPI,0
CUST100280,65.0,31198.47,1.0,144.33,2.0,6.97,11.25,36.0,Mumbai,Basic,Card,0
CUST101219,23.0,60702.65,15.0,82.9,2.0,8.82,9.67,1.0,Jaipur,Premium,UPI,0
CUST100903,62.0,42092.45,12.0,46.3,3.0,6.76,3.76,12.0,Pune,Premium,UPI,1
CUST101229,34.0,60896.07,0.0,75.74,2.0,7.19,17.61,24.0,Delhi,Premium,NetBanking,0
CUST100854,49.0,30873.66,3.0,134.16,2.0,7.88,13.12,12.0,Hyderabad,Standard,UPI,0
CUST100976,41.0,49916.87,14.0,132.53,3.0,7.14,22.71,12.0,Delhi,Standard,UPI,0
CUST100593,22.0,35888.19,0.0,129.81,4.0,6.98,1.73,36.0,Delhi,Standard,UPI,1
CUST100633,36.0,80998.05,9.0,37.67,1.0,5.45,13.33,36.0,Delhi,Standard,Card,0
CUST100793,61.0,86726.87,9.0,30.97,2.0,9.91,16.25,36.0,Mumbai,Premium,NetBanking,0
CUST101079,40.0,37257.46,5.0,91.38,4.0,5.76,14.33,24.0,Jaipur,Standard,Card,0
CUST100405,40.0,56520.71,4.0,88.36,6.0,6.56,22.36,1.0,Delhi,Premium,NetBanking,0
CUST101492,39.0,43828.51,15.0,82.52,4.0,8.44,17.3,36.0,Bengaluru,Premium,UPI,0
CUST100557,65.0,22932.13,13.0,112.23,1.0,10.0,4.27,12.0,Bengaluru,Standard,UPI,1
CUST101155,29.0,183169.71,1.0,91.01,0.0,8.17,12.67,24.0,Delhi,Premium,Wallet,0
CUST101018,22.0,66432.25,1.0,41.07,2.0,7.43,8.03,6.0,Mumbai,Standard,NetBanking,1
CUST101423,64.0,52946.39,15.0,90.71,1.0,6.95,12.13,36.0,Delhi,Standard,Card,0
CUST100428,23.0,29929.94,1.0,68.28,3.0,7.21,19.18,12.0,Delhi,Standard,Card,1
CUST100682,53.0,84155.84,4.0,78.28,0.0,7.81,23.66,12.0,Hyderabad,Basic,Card,0
CUST100317,34.0,65063.35,8.0,134.74,2.0,7.55,11.92,6.0,Delhi,Standard,NetBanking,0
CUST100766,54.0,50966.59,9.0,84.18,2.0,4.89,23.95,12.0,Hyderabad,Standard,Wallet,0
CUST100830,34.0,36324.46,1.0,77.69,3.0,8.98,16.88,36.0,Hyderabad,Premium,Card,0
CUST101287,50.0,58531.65,15.0,94.86,3.0,8.19,30.79,36.0,Pune,Basic,UPI,1
CUST100712,45.0,40747.68,14.0,113.69,2.0,6.44,6.18,24.0,Pune,Standard,UPI,1
CUST100567,30.0,27594.11,14.0,45.94,3.0,7.98,10.55,1.0,Delhi,Premium,Card,1
CUST100016,20.0,63456.2,15.0,75.83,3.0,4.07,13.88,36.0,Delhi,Standard,UPI,0
CUST100980,37.0,26858.22,9.0,86.91,0.0,9.11,17.11,36.0,Delhi,Standard,Card,0
CUST100681,54.0,110208.04,10.0,24.97,2.0,6.48,8.5,36.0,Delhi,Standard,UPI,0
CUST101276,24.0,30283.12,6.0,197.97,0.0,9.88,14.53,24.0,Hyderabad,Premium,UPI,0
CUST101223,60.0,27197.42,11.0,78.75,1.0,8.89,11.18,12.0,Hyderabad,Basic,Card,0
CUST100071,51.0,53317.95,1.0,76.05,2.0,6.79,22.94,24.0,Bengaluru,Standard,UPI,0
CUST100798,65.0,70494.51,9.0,119.5,1.0,7.9,15.91,12.0,Mumbai,Basic,Wallet,1
CUST101294,41.0,107048.49,4.0,102.09,2.0,9.89,16.73,24.0,Hyderabad,Basic,Card,0
CUST101462,33.0,74225.51,7.0,78.02,3.0,8.61,10.16,6.0,Bengaluru,Standard,UPI,0
CUST100656,62.0,62199.58,11.0,61.87,3.0,8.19,15.92,36.0,Hyderabad,Basic,UPI,0
CUST100320,29.0,48935.87,14.0,65.97,1.0,6.68,28.61,36.0,Mumbai,Basic,Card,1
CUST100124,54.0,50982.53,2.0,218.28,4.0,6.87,18.72,1.0,Delhi,Standard,UPI,0
CUST100629,22.0,33926.63,9.0,64.99,2.0,8.89,16.3,6.0,Mumbai,Premium,NetBanking,0
CUST100439,36.0,39269.47,6.0,82.42,2.0,5.36,28.14,6.0,Mumbai,Basic,UPI,0
CUST100621,24.0,47869.85,6.0,124.41,2.0,8.56,16.26,36.0,Bengaluru,Basic,NetBanking,0
CUST101466,48.0,58417.48,0.0,200.04,2.0,4.39,18.8,12.0,Pune,Standard,NetBanking,1
CUST100538,27.0,81800.25,13.0,237.09,2.0,6.93,21.96,36.0,Bengaluru,Standard,UPI,0
CUST100508,44.0,43061.63,4.0,115.19,1.0,6.35,18.9,36.0,Pune,Standard,UPI,0
CUST101215,61.0,71985.1,15.0,125.38,2.0,4.79,19.3,12.0,Delhi,Standard,Card,0
CUST100624,57.0,34027.73,9.0,114.6,2.0,9.13,31.49,24.0,Delhi,Basic,Card,0
CUST101238,49.0,41691.63,7.0,68.7,0.0,7.52,5.05,12.0,Bengaluru,Basic,UPI,0
CUST100174,61.0,67927.14,2.0,117.22,1.0,6.85,16.14,24.0,Bengaluru,Standard,UPI,0
CUST100648,61.0,112949.21,4.0,35.42,2.0,9.7,18.52,12.0,Pune,Basic,NetBanking,0
CUST101381,29.0,37709.91,7.0,63.78,0.0,1.82,14.27,24.0,Bengaluru,Standard,UPI,1
CUST101340,61.0,45065.05,2.0,50.8,2.0,6.39,30.57,12.0,Bengaluru,Basic,Wallet,1
CUST100932,42.0,69877.71,12.0,75.26,5.0,7.21,11.19,24.0,Mumbai,Standard,UPI,1
CUST101105,46.0,60231.05,10.0,30.93,3.0,5.35,16.92,1.0,Delhi,Basic,Wallet,1
CUST101453,51.0,36628.57,15.0,117.8,2.0,6.74,10.12,12.0,Jaipur,Standard,UPI,1
CUST101194,32.0,78288.7,5.0,159.59,1.0,6.91,30.2,12.0,Mumbai,Basic,Card,0
CUST100156,56.0,48997.46,2.0,70.53,1.0,8.62,20.62,12.0,Delhi,Standard,NetBanking,0
CUST100785,48.0,42800.8,15.0,33.54,1.0,9.99,19.94,36.0,Bengaluru,Basic,NetBanking,0
CUST101002,37.0,57179.68,3.0,110.79,1.0,6.46,12.28,6.0,Delhi,Basic,NetBanking,1
CUST100474,64.0,77569.66,4.0,88.58,0.0,6.65,3.43,1.0,Mumbai,Premium,Wallet,1
CUST100269,19.0,26549.93,4.0,90.68,2.0,4.28,13.78,12.0,Delhi,Basic,UPI,0
CUST101328,40.0,58342.4,12.0,47.47,1.0,6.59,14.06,6.0,Mumbai,Standard,Card,1
CUST100347,46.0,148832.17,15.0,89.25,0.0,10.0,15.27,12.0,Delhi,Standard,NetBanking,0
CUST100072,27.0,50547.97,12.0,86.99,2.0,7.78,26.18,12.0,Hyderabad,Standard,Card,0
CUST100011,28.0,350000.0,14.0,60.73,2.0,6.64,16.33,12.0,Mumbai,Basic,UPI,1
CUST100430,49.0,27386.33,5.0,48.63,2.0,5.67,22.28,12.0,Bengaluru,Basic,UPI,1
CUST100046,31.0,27596.69,14.0,75.62,4.0,7.85,29.69,12.0,Mumbai,Premium,NetBanking,1
CUST100699,49.0,44753.58,7.0,112.07,1.0,5.27,24.78,6.0,Pune,Basic,Wallet,1
CUST100440,34.0,81286.47,12.0,78.26,4.0,7.0,14.66,6.0,Hyderabad,Standard,UPI,0
CUST100484,56.0,45778.42,4.0,80.46,7.0,7.52,15.83,12.0,Delhi,Standard,UPI,1
CUST101190,53.0,40207.95,15.0,145.54,6.0,7.21,21.31,12.0,Jaipur,Premium,NetBanking,1
CUST101209,35.0,92292.82,10.0,102.96,1.0,6.24,27.97,36.0,Hyderabad,Standard,UPI,0
CUST100189,25.0,64436.75,13.0,90.67,0.0,7.96,20.19,36.0,Delhi,Premium,Card,1
CUST100057,52.0,31349.69,15.0,56.63,0.0,6.75,13.54,36.0,Delhi,Basic,Card,1
CUST100818,50.0,62236.38,11.0,116.78,3.0,9.24,15.6,1.0,Bengaluru,Premium,Wallet,0
CUST100293,52.0,31517.07,2.0,83.42,1.0,6.31,25.05,12.0,Bengaluru,Standard,Card,0
CUST100292,37.0,56106.01,3.0,69.8,2.0,7.51,11.84,1.0,Jaipur,Standard,UPI,1
CUST100442,45.0,119032.79,5.0,87.51,2.0,7.21,11.5,1.0,Jaipur,Standard,Card,0
CUST100208,42.0,111345.95,11.0,147.18,1.0,6.74,14.51,36.0,Mumbai,Standard,NetBanking,0
CUST100060,53.0,67942.55,1.0,95.48,0.0,7.09,20.82,24.0,Mumbai,Basic,UPI,0
CUST101425,36.0,78226.61,0.0,59.27,4.0,5.9,9.95,6.0,Bengaluru,Standard,Wallet,0
CUST101326,19.0,78349.05,5.0,47.06,1.0,6.84,21.48,24.0,Pune,Basic,UPI,0
CUST101186,54.0,58714.73,0.0,116.16,7.0,4.18,20.41,24.0,Hyderabad,Standard,Wallet,1
CUST100014,57.0,30860.28,7.0,93.25,4.0,8.89,20.27,36.0,Mumbai,Basic,NetBanking,0
CUST101237,18.0,70772.54,4.0,91.61,1.0,8.07,19.81,12.0,Mumbai,Premium,NetBanking,0
CUST100382,57.0,85441.79,9.0,132.56,1.0,9.13,23.71,1.0,Hyderabad,Premium,UPI,0
CUST100409,19.0,89011.53,10.0,123.21,0.0,8.51,15.46,12.0,Delhi,Standard,NetBanking,0
CUST101372,59.0,59765.4,12.0,167.91,2.0,5.95,23.77,12.0,Bengaluru,Basic,UPI,1
CUST100964,21.0,46877.86,2.0,122.22,2.0,8.6,17.26,6.0,Jaipur,Standard,Card,0
CUST100226,55.0,64432.8,6.0,141.98,2.0,7.25,22.91,24.0,Mumbai,Standard,NetBanking,1
CUST100302,19.0,65850.35,15.0,71.68,3.0,9.6,17.46,24.0,Delhi,Premium,Card,1
CUST101475,35.0,79257.84,14.0,70.61,0.0,6.91,17.62,6.0,Hyderabad,Standard,Wallet,0
CUST100334,50.0,75168.95,9.0,62.61,0.0,7.82,27.99,36.0,Delhi,Premium,Card,0
CUST100314,25.0,54340.82,10.0,80.96,1.0,7.86,21.61,1.0,Mumbai,Premium,UPI,0
CUST100968,48.0,94365.88,4.0,76.77,4.0,8.61,13.08,24.0,Delhi,Premium,NetBanking,0
CUST101481,62.0,42543.67,4.0,46.25,1.0,6.65,20.88,6.0,Mumbai,Basic,NetBanking,1
CUST100379,19.0,69576.13,7.0,72.54,2.0,8.55,21.66,12.0,Bengaluru,Basic,Card,0
CUST100130,52.0,53824.02,11.0,39.48,4.0,6.47,21.48,36.0,Jaipur,Standard,UPI,0
CUST101304,48.0,67152.05,3.0,98.43,3.0,7.46,9.74,6.0,Bengaluru,Standard,NetBanking,0
CUST100988,19.0,159334.57,7.0,122.53,0.0,7.21,20.38,24.0,Delhi,Basic,UPI,0
CUST101396,62.0,99480.8,6.0,75.09,0.0,7.41,23.55,24.0,Pune,Standard,Wallet,0
CUST100813,42.0,54664.36,1.0,75.63,2.0,6.07,27.18,24.0,Delhi,Premium,Card,0
CUST100309,50.0,72047.86,10.0,109.95,2.0,7.19,21.15,24.0,Jaipur,Premium,NetBanking,0
CUST100300,63.0,49969.97,9.0,61.64,1.0,9.55,19.36,1.0,Jaipur,Premium,NetBanking,0
CUST100590,36.0,39950.03,12.0,81.0,3.0,8.91,22.65,1.0,Mumbai,Basic,UPI,0
CUST100812,35.0,54462.96,10.0,103.31,0.0,8.86,21.81,1.0,Mumbai,Standard,UPI,0
CUST100087,41.0,46390.81,4.0,66.13,1.0,7.11,14.42,24.0,Bengaluru,Standard,UPI,1
CUST101185,63.0,59656.05,11.0,76.02,1.0,5.19,14.55,12.0,Hyderabad,Standard,UPI,1
CUST100436,30.0,94553.31,3.0,91.56,1.0,6.72,15.25,24.0,Bengaluru,Standard,UPI,0
CUST100756,65.0,35080.4,7.0,80.95,3.0,8.23,24.07,24.0,Hyderabad,Basic,UPI,0
CUST100789,51.0,37975.08,4.0,67.66,3.0,4.24,18.88,36.0,Bengaluru,Standard,UPI,0
CUST100760,22.0,35809.42,4.0,100.29,0.0,7.46,20.62,12.0,Bengaluru,Premium,UPI,0
CUST100123,41.0,41440.17,6.0,28.39,3.0,8.81,20.56,24.0,Jaipur,Premium,NetBanking,1
CUST100781,57.0,66094.7,5.0,52.99,3.0,8.24,26.09,1.0,Delhi,Basic,Wallet,1
CUST100330,42.0,60347.48,0.0,128.69,3.0,7.63,21.34,12.0,Hyderabad,Standard,Card,1
CUST100157,62.0,114948.47,5.0,156.74,4.0,8.96,20.89,1.0,Mumbai,Standard,UPI,1
CUST101494,31.0,58394.71,5.0,88.45,1.0,6.22,15.04,1.0,Pune,Standard,UPI,0
CUST100298,46.0,113808.19,12.0,116.26,2.0,3.22,20.79,12.0,Hyderabad,Standard,Card,1
CUST100017,39.0,137883.84,6.0,50.33,0.0,5.01,14.27,24.0,Delhi,Standard,NetBanking,1
CUST101108,54.0,65765.36,15.0,45.54,0.0,7.82,31.04,36.0,Pune,Premium,UPI,0
CUST101455,36.0,82440.68,11.0,153.56,4.0,7.95,12.81,1.0,Pune,Standard,UPI,1
CUST101489,40.0,46911.38,5.0,98.0,2.0,6.55,22.09,36.0,Jaipur,Basic,Card,0
CUST101206,55.0,87339.27,1.0,114.49,1.0,5.79,22.68,24.0,Hyderabad,Standard,UPI,0
CUST101077,55.0,97560.37,1.0,32.42,1.0,6.56,21.58,12.0,Bengaluru,Premium,NetBanking,0
CUST100840,65.0,40006.65,5.0,220.87,1.0,8.02,17.26,12.0,Delhi,Premium,Card,1
CUST100341,21.0,30087.06,4.0,186.26,1.0,7.95,28.13,1.0,Jaipur,Basic,UPI,0
CUST100159,60.0,64832.77,10.0,195.23,1.0,6.98,13.01,12.0,Delhi,Premium,NetBanking,0
CUST100664,18.0,104919.6,15.0,153.76,2.0,8.55,29.12,12.0,Delhi,Standard,UPI,0
CUST100372,49.0,109526.09,5.0,162.96,2.0,5.37,23.85,1.0,Pune,Standard,Wallet,1
CUST100313,37.0,52512.61,3.0,114.9,4.0,7.59,23.68,36.0,Mumbai,Standard,Wallet,0
CUST100799,64.0,49444.17,11.0,62.21,0.0,7.3,20.63,12.0,Bengaluru,Standard,Card,0
CUST100597,38.0,86679.83,2.0,60.77,4.0,7.83,16.42,36.0,Bengaluru,Standard,UPI,0
CUST101117,50.0,137320.19,2.0,17.23,4.0,8.41,17.29,1.0,Hyderabad,Standard,UPI,0
CUST101107,50.0,54548.85,7.0,60.22,2.0,7.06,19.11,1.0,Jaipur,Standard,UPI,0
CUST100931,37.0,147986.37,15.0,86.8,3.0,6.35,21.47,24.0,Delhi,Basic,UPI,0
CUST100896,31.0,40584.07,10.0,146.08,2.0,7.65,19.78,24.0,Delhi,Standard,NetBanking,1
CUST101174,45.0,37310.49,7.0,51.78,1.0,9.34,17.74,12.0,Mumbai,Basic,NetBanking,1
CUST100912,64.0,64271.3,15.0,78.76,0.0,7.97,34.36,24.0,Hyderabad,Standard,UPI,1
CUST100707,45.0,43179.8,1.0,83.26,3.0,4.15,21.95,12.0,Pune,Premium,Card,1
CUST100921,27.0,53791.4,10.0,90.67,2.0,8.61,22.8,24.0,Pune,Standard,Card,0
CUST100077,32.0,56140.06,12.0,30.49,2.0,7.61,15.96,12.0,Bengaluru,Basic,NetBanking,0
CUST100598,53.0,51862.78,9.0,63.05,6.0,9.98,15.23,24.0,Delhi,Basic,UPI,0
CUST100186,20.0,89223.02,8.0,46.29,2.0,5.23,12.54,12.0,Mumbai,Standard,Card,0
CUST101485,27.0,29600.9,7.0,77.27,1.0,8.25,22.59,24.0,Pune,Standard,Wallet,0
CUST100643,21.0,46985.69,10.0,140.48,0.0,9.53,19.27,1.0,Hyderabad,Basic,NetBanking,1
CUST100097,24.0,60987.31,2.0,35.6,3.0,7.82,22.78,12.0,Delhi,Standard,NetBanking,0
CUST100919,54.0,52633.76,12.0,56.5,2.0,5.89,20.22,12.0,Bengaluru,Standard,UPI,0
CUST101154,60.0,56520.71,3.0,91.97,3.0,10.0,24.04,12.0,Delhi,Premium,Card,0
CUST101431,51.0,33746.54,3.0,44.08,2.0,7.17,8.79,12.0,Hyderabad,Standard,Card,0
CUST101497,26.0,68118.44,0.0,116.28,0.0,4.78,3.96,1.0,Delhi,Premium,Card,1
CUST100444,54.0,31294.02,3.0,101.92,2.0,5.2,18.42,36.0,Hyderabad,Standard,Wallet,1
CUST100259,42.0,110095.52,10.0,115.72,6.0,6.77,18.36,24.0,Mumbai,Premium,Wallet,0
CUST101252,35.0,67661.82,14.0,97.4,1.0,6.5,11.43,1.0,Bengaluru,Basic,NetBanking,0
CUST101415,52.0,41843.91,13.0,56.61,4.0,5.7,17.64,12.0,Mumbai,Basic,NetBanking,1
CUST100949,59.0,127057.68,5.0,114.57,4.0,5.68,19.12,12.0,Mumbai,Standard,NetBanking,1
CUST100019,41.0,58716.25,5.0,94.7,5.0,8.9,20.55,36.0,Mumbai,Premium,UPI,0
CUST100344,61.0,112303.1,15.0,41.48,1.0,7.93,23.12,36.0,Pune,Standard,Card,0
CUST100747,39.0,40295.52,14.0,71.1,2.0,6.73,10.81,6.0,Delhi,Standard,NetBanking,1
CUST100762,22.0,23009.33,12.0,82.87,3.0,9.35,21.24,36.0,Delhi,Standard,NetBanking,0
CUST100410,49.0,36470.6,4.0,68.38,0.0,10.0,13.92,36.0,Pune,Standard,Card,0
CUST101157,30.0,140385.21,7.0,65.08,5.0,7.58,15.99,24.0,Jaipur,Basic,Card,0
CUST100345,45.0,22165.41,3.0,50.72,2.0,8.39,21.15,12.0,Bengaluru,Premium,NetBanking,0
CUST100822,59.0,40346.58,0.0,77.77,1.0,7.96,13.42,1.0,Delhi,Premium,Wallet,1
CUST100307,50.0,39552.36,9.0,61.25,3.0,6.83,12.67,24.0,Delhi,Premium,UPI,0
CUST100411,40.0,66908.99,1.0,123.23,0.0,7.45,16.34,6.0,Jaipur,Basic,Card,0
CUST100519,18.0,69197.09,4.0,128.02,2.0,10.0,14.4,24.0,Delhi,Standard,UPI,0
CUST100431,47.0,41650.67,15.0,45.38,1.0,4.98,10.44,12.0,Bengaluru,Standard,NetBanking,0
CUST101225,43.0,33760.55,11.0,85.13,2.0,6.7,13.38,12.0,Jaipur,Premium,UPI,1
CUST100646,48.0,74981.27,14.0,112.6,1.0,7.68,16.59,24.0,Delhi,Premium,Wallet,0
CUST100279,42.0,147336.75,3.0,106.27,0.0,3.51,8.82,1.0,Delhi,Basic,Wallet,0
CUST100021,47.0,86651.54,14.0,61.21,0.0,9.46,8.33,12.0,Pune,Standard,Card,1
CUST100748,44.0,20220.72,11.0,70.87,2.0,7.82,20.08,12.0,Jaipur,Basic,Card,0
CUST100154,54.0,56520.71,15.0,67.24,2.0,5.28,27.69,24.0,Delhi,Standard,UPI,0
CUST100041,26.0,67651.32,0.0,77.16,0.0,7.56,12.43,1.0,Mumbai,Basic,UPI,0
CUST100095,18.0,87832.0,13.0,70.35,3.0,4.59,22.3,36.0,Jaipur,Standard,UPI,0
CUST100952,23.0,39859.9,13.0,113.24,7.0,7.21,16.39,1.0,Delhi,Basic,Wallet,0
CUST101059,38.0,61892.33,14.0,157.44,1.0,7.48,14.81,12.0,Bengaluru,Basic,UPI,0
CUST100241,37.0,72041.04,1.0,91.01,1.0,7.05,15.95,12.0,Bengaluru,Standard,NetBanking,1
CUST100775,63.0,64419.29,10.0,60.86,5.0,4.95,29.15,24.0,Jaipur,Basic,Card,1
CUST100668,42.0,86940.73,2.0,47.74,4.0,9.83,11.69,12.0,Hyderabad,Standard,UPI,0
CUST100322,39.0,77139.56,12.0,68.76,3.0,7.34,14.46,36.0,Hyderabad,Standard,UPI,0
CUST101487,24.0,61656.01,5.0,130.31,2.0,6.92,24.18,36.0,Delhi,Basic,NetBanking,0
CUST101310,50.0,111236.72,15.0,51.07,1.0,4.77,23.64,24.0,Delhi,Standard,UPI,1
CUST100995,22.0,43751.6,14.0,112.5,3.0,6.51,29.92,6.0,Jaipur,Basic,NetBanking,0
CUST100566,29.0,71383.22,9.0,40.88,5.0,6.7,6.46,6.0,Bengaluru,Premium,Card,0
CUST100529,63.0,26100.08,14.0,68.19,1.0,6.76,32.53,36.0,Hyderabad,Basic,Card,1
CUST100217,19.0,69063.69,1.0,82.65,1.0,6.36,11.68,6.0,Delhi,Standard,Card,0
CUST100530,19.0,96807.99,5.0,64.78,3.0,6.62,24.36,36.0,Jaipur,Basic,Card,0
CUST100343,34.0,100432.42,14.0,180.57,3.0,4.59,17.89,36.0,Hyderabad,Standard,Card,0
CUST100782,49.0,54883.81,12.0,42.67,1.0,5.54,14.44,12.0,Jaipur,Basic,UPI,0
CUST101454,29.0,52835.42,14.0,115.47,4.0,5.21,32.12,12.0,Hyderabad,Basic,Card,0
CUST100219,43.0,37630.51,7.0,57.63,1.0,6.88,18.28,36.0,Jaipur,Premium,NetBanking,0
CUST100572,47.0,45218.79,8.0,85.03,4.0,8.31,11.32,36.0,Pune,Standard,UPI,0
CUST100243,36.0,30956.53,4.0,91.46,2.0,6.35,15.14,36.0,Mumbai,Basic,UPI,0
CUST100287,28.0,44561.15,12.0,85.02,1.0,8.03,16.17,24.0,Pune,Standard,Wallet,0
CUST100835,23.0,38142.29,13.0,85.55,3.0,8.4,11.44,6.0,Delhi,Standard,NetBanking,0
CUST100318,50.0,69095.55,11.0,125.18,1.0,7.77,14.13,36.0,Pune,Basic,UPI,0
CUST100495,27.0,22422.49,6.0,76.43,6.0,7.14,24.17,12.0,Jaipur,Premium,NetBanking,0
CUST100638,39.0,51032.4,0.0,117.84,3.0,6.38,16.01,36.0,Delhi,Standard,UPI,1
CUST100520,50.0,86172.31,9.0,22.58,2.0,6.26,15.73,12.0,Pune,Standard,UPI,0
CUST100142,44.0,32467.15,0.0,62.01,3.0,4.88,16.52,12.0,Delhi,Premium,UPI,1
CUST100977,48.0,79066.33,2.0,96.7,1.0,7.62,17.71,12.0,Jaipur,Standard,UPI,1
CUST101064,43.0,29576.94,13.0,97.96,2.0,8.28,13.29,12.0,Jaipur,Basic,UPI,0
CUST100705,45.0,55723.63,0.0,34.42,3.0,5.83,17.18,1.0,Hyderabad,Basic,UPI,1
CUST100033,33.0,120218.56,8.0,117.92,3.0,5.98,11.29,24.0,Bengaluru,Premium,UPI,0
CUST100604,56.0,59795.39,1.0,90.11,1.0,9.02,16.95,12.0,Hyderabad,Premium,Card,0
CUST100456,57.0,27528.37,5.0,80.78,1.0,8.45,14.64,24.0,Hyderabad,Standard,UPI,0
CUST101232,37.0,47533.37,14.0,168.49,2.0,8.42,21.54,1.0,Bengaluru,Premium,Wallet,0
CUST100574,37.0,30530.05,11.0,36.64,4.0,10.0,15.95,12.0,Mumbai,Standard,UPI,0
CUST100586,24.0,59283.26,11.0,123.99,1.0,6.17,11.16,24.0,Delhi,Basic,Wallet,0
CUST100900,31.0,42096.04,12.0,41.97,1.0,6.96,15.47,24.0,Delhi,Basic,NetBanking,0
CUST101314,65.0,58464.66,5.0,66.64,2.0,8.86,19.97,12.0,Jaipur,Premium,Wallet,0
CUST100546,46.0,72898.46,7.0,31.43,3.0,6.29,19.92,36.0,Pune,Standard,UPI,1
CUST100669,50.0,60349.01,5.0,82.74,4.0,6.91,27.52,24.0,Delhi,Premium,UPI,1
CUST101439,18.0,49861.78,13.0,104.49,2.0,9.65,28.46,12.0,Hyderabad,Premium,Card,0
CUST100370,63.0,51185.03,9.0,105.77,0.0,7.61,15.26,24.0,Bengaluru,Premium,NetBanking,1
CUST100937,62.0,76919.93,10.0,97.47,0.0,7.48,10.09,36.0,Pune,Basic,NetBanking,0
CUST100398,37.0,56721.04,8.0,44.31,2.0,9.47,20.29,1.0,Delhi,Basic,Card,0
CUST101115,22.0,37348.99,8.0,108.93,3.0,6.29,25.96,12.0,Bengaluru,Basic,Card,0
CUST101438,42.0,44443.83,3.0,54.84,4.0,5.89,15.47,24.0,Mumbai,Basic,UPI,0
CUST101044,51.0,129380.05,5.0,54.86,3.0,6.82,21.26,12.0,Delhi,Standard,NetBanking,0
CUST100220,49.0,54665.67,9.0,36.37,4.0,7.35,9.14,36.0,Bengaluru,Basic,Card,0
CUST100696,28.0,36003.56,11.0,57.43,0.0,8.13,17.35,36.0,Bengaluru,Standard,UPI,0
CUST101075,31.0,60933.14,0.0,96.7,1.0,8.52,21.85,24.0,Pune,Standard,Card,0
CUST101023,30.0,40679.35,11.0,60.9,2.0,4.54,16.78,12.0,Delhi,Basic,Card,0
CUST100249,24.0,115929.01,10.0,58.93,1.0,9.08,27.44,12.0,Delhi,Basic,NetBanking,0
CUST100612,28.0,51532.07,15.0,115.12,2.0,6.15,7.32,12.0,Mumbai,Premium,Card,0
CUST100340,36.0,36697.57,0.0,136.52,1.0,4.56,19.61,12.0,Bengaluru,Standard,Wallet,1
CUST100135,31.0,39717.29,4.0,78.08,5.0,5.71,19.74,12.0,Bengaluru,Basic,Card,1
CUST101127,25.0,36649.3,14.0,77.43,2.0,6.44,26.46,24.0,Pune,Basic,Wallet,0
CUST100649,56.0,91239.92,10.0,71.96,1.0,5.75,16.69,24.0,Jaipur,Basic,UPI,1
CUST100311,38.0,44747.54,1.0,28.49,1.0,9.26,20.88,24.0,Bengaluru,Standard,Card,0
CUST100721,30.0,36609.27,2.0,102.08,3.0,6.08,18.34,24.0,Jaipur,Basic,UPI,0
CUST100454,65.0,81376.98,0.0,52.96,5.0,6.73,17.8,24.0,Pune,Standard,Card,0
CUST100969,41.0,38174.31,12.0,40.93,1.0,10.0,18.04,12.0,Mumbai,Standard,NetBanking,0
CUST101166,61.0,117946.54,13.0,175.33,2.0,10.0,12.53,12.0,Bengaluru,Standard,Card,0
CUST101323,37.0,84554.96,5.0,99.08,2.0,8.92,29.59,1.0,Pune,Basic,UPI,0
CUST100631,54.0,37874.06,2.0,90.96,5.0,9.55,15.41,12.0,Mumbai,Basic,UPI,0
CUST100768,27.0,44136.69,0.0,75.57,1.0,8.31,20.36,24.0,Delhi,Standard,UPI,1
CUST100327,62.0,26609.61,2.0,105.31,5.0,7.81,17.74,36.0,Delhi,Standard,UPI,1
CUST101322,22.0,76431.44,12.0,151.03,3.0,8.23,19.71,12.0,Pune,Basic,Wallet,0
CUST101032,28.0,34055.79,9.0,66.27,0.0,5.12,24.77,24.0,Mumbai,Standard,Card,0
CUST100443,43.0,25740.64,7.0,134.01,1.0,9.37,30.61,24.0,Jaipur,Standard,Card,0
CUST100338,22.0,46117.46,7.0,96.47,4.0,10.0,19.28,12.0,Pune,Standard,Card,0
CUST100263,59.0,30297.0,3.0,69.13,1.0,7.64,21.98,24.0,Pune,Basic,UPI,1
CUST100573,34.0,79406.96,9.0,115.87,4.0,5.73,16.75,12.0,Hyderabad,Premium,UPI,1
CUST100536,46.0,52596.6,12.0,119.43,4.0,8.45,24.82,1.0,Pune,Standard,Card,0
CUST100734,27.0,54609.85,9.0,72.97,1.0,3.95,6.56,6.0,Mumbai,Standard,Card,1
CUST100585,26.0,67802.81,13.0,91.84,1.0,8.49,22.67,12.0,Pune,Standard,Card,0
CUST100244,43.0,27395.6,1.0,120.0,4.0,8.64,20.94,24.0,Jaipur,Basic,UPI,0
CUST100973,42.0,50093.9,3.0,56.57,2.0,6.89,12.49,24.0,Pune,Standard,UPI,0
CUST100209,19.0,48091.08,6.0,93.12,2.0,6.07,12.45,36.0,Mumbai,Basic,NetBanking,1
CUST101266,49.0,25124.71,1.0,79.38,2.0,7.55,23.37,24.0,Mumbai,Standard,Card,1
CUST101441,60.0,104214.24,8.0,69.65,5.0,7.32,24.46,6.0,Mumbai,Standard,UPI,0
CUST100481,43.0,58984.55,9.0,45.47,1.0,5.78,19.88,24.0,Delhi,Basic,Wallet,0
CUST100254,35.0,56520.71,15.0,161.74,3.0,7.93,15.2,36.0,Delhi,Premium,NetBanking,0
CUST101394,24.0,28142.56,10.0,112.22,1.0,6.04,19.88,6.0,Jaipur,Standard,Card,1
CUST100617,27.0,50010.45,4.0,56.92,3.0,6.18,22.8,12.0,Delhi,Premium,Wallet,0
CUST100569,42.0,66329.82,2.0,102.03,2.0,7.21,19.79,12.0,Bengaluru,Basic,NetBanking,0
CUST101282,40.0,99030.37,6.0,81.06,3.0,6.92,25.87,24.0,Mumbai,Premium,UPI,0
CUST101403,60.0,49349.28,6.0,92.37,1.0,5.74,3.03,12.0,Mumbai,Standard,UPI,1
CUST100230,23.0,87482.27,5.0,83.07,1.0,5.34,15.23,6.0,Delhi,Premium,UPI,0
CUST101141,44.0,43029.35,9.0,110.21,3.0,4.45,15.21,36.0,Mumbai,Basic,UPI,0
CUST100815,44.0,80353.5,13.0,103.57,0.0,7.46,12.5,24.0,Pune,Basic,NetBanking,1
CUST101216,41.0,37528.82,5.0,100.47,0.0,4.99,21.9,36.0,Hyderabad,Standard,UPI,0
CUST100509,37.0,57204.06,12.0,106.9,1.0,7.88,20.91,12.0,Jaipur,Basic,NetBanking,0
CUST100413,42.0,71617.42,9.0,56.91,2.0,5.95,26.79,36.0,Delhi,Standard,NetBanking,0
CUST100657,30.0,54669.73,8.0,14.27,0.0,6.0,11.41,12.0,Mumbai,Basic,Card,0
CUST100820,32.0,37733.17,14.0,120.85,1.0,6.38,14.06,6.0,Delhi,Standard,UPI,0
CUST100548,42.0,40108.2,1.0,122.35,4.0,8.23,24.74,24.0,Delhi,Premium,NetBanking,0
CUST101312,38.0,39792.31,5.0,142.39,1.0,8.31,26.46,36.0,Pune,Standard,NetBanking,0
CUST101010,28.0,33173.48,10.0,63.05,2.0,5.51,24.0,36.0,Mumbai,Premium,NetBanking,1
CUST101152,43.0,115125.21,1.0,96.59,3.0,6.53,7.4,36.0,Mumbai,Basic,UPI,0
CUST100526,30.0,35553.81,2.0,92.64,3.0,8.25,21.32,12.0,Mumbai,Standard,Wallet,0
CUST100755,38.0,48614.92,3.0,148.16,2.0,6.36,16.67,36.0,Bengaluru,Basic,UPI,1
CUST100315,24.0,74302.44,4.0,118.37,2.0,8.44,18.27,24.0,Delhi,Basic,UPI,0
CUST100654,56.0,63348.87,8.0,169.24,1.0,6.85,18.78,6.0,Hyderabad,Premium,UPI,1
CUST101410,57.0,97386.6,6.0,111.31,1.0,6.85,24.88,36.0,Hyderabad,Standard,Card,0
CUST101495,32.0,47521.64,7.0,121.84,1.0,8.15,11.35,1.0,Jaipur,Basic,UPI,1
CUST100640,24.0,137920.33,0.0,110.16,2.0,6.33,16.34,12.0,Pune,Standard,Card,0
CUST101327,20.0,87338.22,15.0,73.75,4.0,8.83,23.29,36.0,Mumbai,Standard,UPI,0
CUST100578,30.0,70566.69,6.0,149.6,1.0,6.7,16.57,12.0,Bengaluru,Basic,NetBanking,1
CUST101343,27.0,59850.17,11.0,49.29,4.0,3.81,17.07,24.0,Bengaluru,Standard,Wallet,0
CUST100560,56.0,32599.44,10.0,21.52,2.0,9.22,7.99,12.0,Bengaluru,Standard,Card,1
CUST100324,47.0,124493.17,8.0,106.3,1.0,7.9,15.37,12.0,Bengaluru,Basic,UPI,0
CUST100957,54.0,43565.8,3.0,46.23,4.0,4.92,17.12,1.0,Mumbai,Basic,UPI,1
CUST101488,34.0,111425.22,1.0,60.94,0.0,7.62,15.37,24.0,Pune,Premium,UPI,0
CUST100331,51.0,41903.98,10.0,101.62,2.0,4.51,23.4,6.0,Hyderabad,Standard,UPI,1
CUST100048,43.0,60386.1,6.0,96.99,1.0,6.8,18.28,12.0,Mumbai,Basic,UPI,1
CUST101402,19.0,88137.14,15.0,74.99,0.0,8.35,24.56,1.0,Delhi,Premium,Wallet,0
CUST101440,42.0,33366.08,0.0,176.41,2.0,8.75,18.29,12.0,Pune,Standard,NetBanking,0
CUST101449,61.0,29542.61,10.0,118.62,1.0,5.9,30.85,12.0,Pune,Premium,NetBanking,0
CUST101030,34.0,38158.59,8.0,50.39,1.0,8.88,9.36,12.0,Delhi,Premium,Card,1
CUST101182,28.0,58601.23,11.0,131.37,2.0,6.28,13.1,36.0,Bengaluru,Standard,Card,0
CUST100846,28.0,84598.69,12.0,51.77,7.0,5.53,10.69,12.0,Hyderabad,Basic,UPI,0
CUST101203,42.0,33501.34,7.0,65.31,1.0,10.0,20.39,36.0,Bengaluru,Basic,NetBanking,0
CUST100823,34.0,57172.1,9.0,79.52,0.0,6.67,18.69,1.0,Delhi,Premium,Card,0
CUST100075,48.0,35616.37,7.0,147.95,4.0,8.01,20.01,24.0,Bengaluru,Standard,UPI,0
CUST101126,46.0,40976.44,7.0,47.54,2.0,7.94,8.84,12.0,Delhi,Standard,Card,1
CUST100950,58.0,80965.47,5.0,69.38,2.0,4.46,30.38,24.0,Delhi,Premium,NetBanking,0
CUST100295,42.0,59934.67,9.0,104.94,3.0,7.54,26.96,24.0,Mumbai,Standard,UPI,1
CUST100452,51.0,79689.66,1.0,107.32,1.0,9.32,16.58,12.0,Delhi,Standard,NetBanking,0
CUST100082,38.0,79563.09,0.0,68.08,3.0,6.18,13.05,24.0,Bengaluru,Standard,Card,1
CUST101391,51.0,55773.2,10.0,196.41,4.0,7.18,19.92,12.0,Hyderabad,Premium,Card,0
CUST101085,64.0,36058.89,10.0,83.17,2.0,5.29,20.83,12.0,Pune,Standard,Card,1
CUST100152,21.0,44280.09,13.0,81.88,4.0,6.1,17.8,24.0,Delhi,Premium,UPI,0
CUST100504,33.0,66861.18,6.0,68.3,3.0,8.18,21.79,24.0,Delhi,Premium,NetBanking,0
CUST100693,20.0,61039.06,7.0,60.51,1.0,2.9,12.51,12.0,Mumbai,Standard,Card,0
CUST100561,49.0,49532.59,15.0,114.82,3.0,8.66,24.65,24.0,Delhi,Standard,UPI,0
CUST100028,61.0,41044.89,0.0,72.1,1.0,6.03,14.71,24.0,Jaipur,Basic,Card,1
